Workbook
Name DENE: '[2]tahakkuk müzekkeresi_1'!#REF!
Name DENE: '[2]tahakkuk müzekkeresi_1'!#REF!
Name dflt2: [1]Sayfa1!$G$21
Name Öğrenci: 'Banka Lis.'!#REF!
Name Sözleşmeli: 'Banka Lis.'!#REF!

Sheet Puantaj
B1: BURSA ULUDAĞ ÜNİVERSİTESİ GENEL SEKRETERLİK ÖZEL KALEM 13376 PORTAL NOLU KAMPÜS 1 İŞKUR GENÇLİK PROGRAMI KATILIMCI GÜN ÇİZELGESİ | AN1: YIL | AO1: 2025
AN2: AY | AO2: Aralık
B3: KATILIMCI BİLGİLERİ | F3: =VLOOKUP($AO$2,$AQ$4:$AS$17,2,0) -> 45992 | G3: =IF(MONTH(F3)=MONTH(F3+1),F3+1,"") -> 45993 | H3: =IF(MONTH(G3)=MONTH(G3+1),G3+1,"") -> 45994 | I3: =IF(MONTH(H3)=MONTH(H3+1),H3+1,"") -> 45995 | J3: =IF(MONTH(I3)=MONTH(I3+1),I3+1,"") -> 45996 | K3: =IF(MONTH(J3)=MONTH(J3+1),J3+1,"") -> 45997 | L3: =IF(MONTH(K3)=MONTH(K3+1),K3+1,"") -> 45998 | M3: =IF(MONTH(L3)=MONTH(L3+1),L3+1,"") -> 45999 | N3: =IF(MONTH(M3)=MONTH(M3+1),M3+1,"") -> 46000 | ... AJ3: =IF(MONTH(AI3)=MONTH(AI3+1),AI3+1,"") -> 46022 | AK3: ÇALIŞTIĞI GÜNLER | AL3: RAPORLU VEYA GELİNMEYEN GÜNLER | AM3: YILLIK İZİN DURUMU İzin Takip İçindir (7 gün ) | AN3: Geldiği günler : X Eğitim günü:E Gelmediği Günler : T Raporlu Günler : R İzinli : İ
A4: IBAN | B4: SIRA | C4: TC | D4: AD SOYAD | AN4: İşe Giriş Tarihi | AO4: İşten Çıkışı Tarihi | AQ4: AYLAR | AR4: İLK GÜN | AS4: SON GÜN | AT4: =SUM(AK6:AK194) -> 2240
F5: =WEEKDAY(F3,2) -> 1 | G5: =WEEKDAY(G3,2) -> 2 | H5: =WEEKDAY(H3,2) -> 3 | I5: =WEEKDAY(I3,2) -> 4 | J5: =WEEKDAY(J3,2) -> 5 | K5: =WEEKDAY(K3,2) -> 6 | L5: =WEEKDAY(L3,2) -> 7 | M5: =WEEKDAY(M3,2) -> 1 | ... AJ5: =WEEKDAY(AJ3,2) -> 3
A6: TR290001002151713143585001 | B6: 1 | C6: 22985652920 | D6: ABDURRAHMAN CENGİZ | E6: AYDOĞDU | H6: X | I6: X | J6: X | O6: X | P6: X | Q6: X | V6: X | W6: X | X6: X | AC6: X | AD6: X | AE6: X | AJ6: X | AK6: =+COUNTIF(F6:AJ6,"X")+COUNTIF(F6:AJ6,"E") -> 13 | AL6: =+COUNTIF(F6:AJ6,"R")+COUNTIF(F6:AJ6,"T")+COUNTIF(F6:AJ6,"İ") -> 0 | AM6: =+COUNTIF(F6:AJ6,"İ") -> 0 | AN6: 45985 | AQ6: Ocak | AR6: 45658 | AS6: =EOMONTH(AR6,0) -> 45688 | AT6: =+COUNTIF(F6:AJ194,"X")+COUNTIF(F6:AJ193,"E") -> 2240
A7: TR270020500009943979400001 | B7: 2 | C7: 10264855810 | D7: AHMET EMİRHAN | E7: ELDEMİR | F7: X | H7: X | M7: X | T7: X | AA7: X | AH7: X | AK7: =+COUNTIF(F7:AJ7,"X")+COUNTIF(F7:AJ7,"E") -> 6 | AL7: =+COUNTIF(F7:AJ7,"R")+COUNTIF(F7:AJ7,"T")+COUNTIF(F7:AJ7,"İ") -> 0 | AM7: =+COUNTIF(F7:AJ7,"İ") -> 0 | AN7: 45985 | AQ7: Şubat | AR7: 45689 | AS7: =EOMONTH(AR7,0) -> 45716
A8: TR370001009010555427505003 | B8: 3 | C8: 11230293988 | D8: AHMET SAMED | E8: KARABULUT | H8: X | I8: X | J8: X | O8: X | P8: X | Q8: X | V8: X | W8: X | X8: X | AC8: X | AD8: X | AE8: X | AH8: X | AI8: X | AK8: =+COUNTIF(F8:AJ8,"X")+COUNTIF(F8:AJ8,"E") -> 14 | AL8: =+COUNTIF(F8:AJ8,"R")+COUNTIF(F8:AJ8,"T")+COUNTIF(F8:AJ8,"İ") -> 0 | AM8: =+COUNTIF(F8:AJ8,"İ") -> 0 | AN8: 45985 | AQ8: Mart | AR8: 45717 | AS8: =EOMONTH(AR8,0) -> 45747
A9: TR550006701000000037357882 | B9: 4 | C9: 10271762804 | D9: AHMET | E9: ŞEN | H9: X | J9: X | K9: X | O9: X | Q9: X | R9: X | V9: X | X9: X | Y9: X | AC9: X | AE9: X | AF9: X | AJ9: X | AK9: =+COUNTIF(F9:AJ9,"X")+COUNTIF(F9:AJ9,"E") -> 13 | AL9: =+COUNTIF(F9:AJ9,"R")+COUNTIF(F9:AJ9,"T")+COUNTIF(F9:AJ9,"İ") -> 0 | AM9: =+COUNTIF(F9:AJ9,"İ") -> 0 | AN9: 45985 | AQ9: Nisan | AR9: 45748 | AS9: =EOMONTH(AR9,0) -> 45777
A10: TR040001009010348991905001 | B10: 5 | C10: 10067475932 | D10: AHMET YASİN | E10: KURT | F10: X | I10: X | J10: X | M10: X | P10: X | Q10: X | T10: X | W10: X | X10: X | AA10: X | AD10: X | AE10: X | AH10: X | AI10: X | AK10: =+COUNTIF(F10:AJ10,"X")+COUNTIF(F10:AJ10,"E") -> 14 | AL10: =+COUNTIF(F10:AJ10,"R")+COUNTIF(F10:AJ10,"T")+COUNTIF(F10:AJ10,"İ") -> 0 | AM10: =+COUNTIF(F10:AJ10,"İ") -> 0 | AN10: 45985 | AQ10: Mayıs | AR10: 45778 | AS10: =EOMONTH(AR10,0) -> 45808
A11: TR070001009010961041905002 | B11: 6 | C11: 13333175444 | D11: AKİF YAVUZ | E11: ZENGİN | F11: X | M11: R | T11: X | AA11: X | AH11: X | AK11: =+COUNTIF(F11:AJ11,"X")+COUNTIF(F11:AJ11,"E") -> 4 | AL11: =+COUNTIF(F11:AJ11,"R")+COUNTIF(F11:AJ11,"T")+COUNTIF(F11:AJ11,"İ") -> 1 | AM11: =+COUNTIF(F11:AJ11,"İ") -> 0 | AN11: 45985 | AQ11: Haziran | AR11: 45809 | AS11: =EOMONTH(AR11,0) -> 45838
A12: TR250001009010259614605003 | B12: 7 | C12: 34411910856 | D12: ALEYNA | E12: ÇAKAR | AK12: =+COUNTIF(F12:AJ12,"X")+COUNTIF(F12:AJ12,"E") -> 0 | AL12: =+COUNTIF(F12:AJ12,"R")+COUNTIF(F12:AJ12,"T")+COUNTIF(F12:AJ12,"İ") -> 0 | AM12: =+COUNTIF(F12:AJ12,"İ") -> 0 | AN12: 45985 | AO12: 46022 | AQ12: Temmuz | AR12: 45839 | AS12: =EOMONTH(AR12,0) -> 45869
A13: TR580001009010556440305002 | B13: 8 | C13: 11069535280 | D13: ALİGAFFAR | E13: AYDIN | J13: X | K13: X | L13: X | Q13: X | R13: X | S13: X | X13: X | Y13: X | Z13: X | AE13: X | AF13: X | AG13: X | AK13: =+COUNTIF(F13:AJ13,"X")+COUNTIF(F13:AJ13,"E") -> 12 | AL13: =+COUNTIF(F13:AJ13,"R")+COUNTIF(F13:AJ13,"T")+COUNTIF(F13:AJ13,"İ") -> 0 | AM13: =+COUNTIF(F13:AJ13,"İ") -> 0 | AN13: 45985 | AQ13: Ağustos | AR13: 45870 | AS13: =EOMONTH(AR13,0) -> 45900
A14: TR960001200122900001249734 | B14: 9 | C14: 10420954296 | D14: ARİF | E14: TURAN | G14: X | H14: X | J14: X | N14: X | O14: X | Q14: X | U14: X | V14: X | X14: X | AB14: X | AC14: X | AE14: X | AI14: X | AJ14: X | AK14: =+COUNTIF(F14:AJ14,"X")+COUNTIF(F14:AJ14,"E") -> 14 | AL14: =+COUNTIF(F14:AJ14,"R")+COUNTIF(F14:AJ14,"T")+COUNTIF(F14:AJ14,"İ") -> 0 | AM14: =+COUNTIF(F14:AJ14,"İ") -> 0 | AN14: 45985 | AQ14: Eylül | AR14: 45901 | AS14: =EOMONTH(AR14,0) -> 45930
A15: TR530004600007888000653780 | B15: 10 | C15: 11039638348 | D15: ASLAN ERAY | E15: KARAVAŞ | H15: X | I15: X | J15: X | M15: X | P15: X | Q15: X | T15: X | U15: X | V15: X | AB15: X | AC15: X | AD15: X | AH15: X | AI15: X | AJ15: X | AK15: =+COUNTIF(F15:AJ15,"X")+COUNTIF(F15:AJ15,"E") -> 15 | AL15: =+COUNTIF(F15:AJ15,"R")+COUNTIF(F15:AJ15,"T")+COUNTIF(F15:AJ15,"İ") -> 0 | AM15: =+COUNTIF(F15:AJ15,"İ") -> 0 | AN15: 45985 | AQ15: Ekim | AR15: 45931 | AS15: =EOMONTH(AR15,0) -> 45961
A16: TR070001009010550885705001 | B16: 11 | C16: 18397728780 | D16: ASLI | E16: BEKTAŞ | J16: X | Q16: X | X16: X | AE16: X | AJ16: X | AK16: =+COUNTIF(F16:AJ16,"X")+COUNTIF(F16:AJ16,"E") -> 5 | AL16: =+COUNTIF(F16:AJ16,"R")+COUNTIF(F16:AJ16,"T")+COUNTIF(F16:AJ16,"İ") -> 0 | AM16: =+COUNTIF(F16:AJ16,"İ") -> 0 | AN16: 45985 | AQ16: Kasım | AR16: 45962 | AS16: =EOMONTH(AR16,0) -> 45991
A17: TR080001001914961839085005 | B17: 12 | C17: 31885265086 | D17: AYBERK | E17: EREN | F17: X | I17: X | J17: X | M17: X | P17: X | Q17: X | T17: X | W17: X | X17: X | AA17: X | AD17: X | AE17: X | AK17: =+COUNTIF(F17:AJ17,"X")+COUNTIF(F17:AJ17,"E") -> 12 | AL17: =+COUNTIF(F17:AJ17,"R")+COUNTIF(F17:AJ17,"T")+COUNTIF(F17:AJ17,"İ") -> 0 | AM17: =+COUNTIF(F17:AJ17,"İ") -> 0 | AN17: 45985 | AQ17: Aralık | AR17: 45992 | AS17: =EOMONTH(AR17,0) -> 46022
A18: TR860004600563888000416642 | B18: 13 | C18: 16364821786 | D18: AYBERK | E18: KILIÇ | F18: X | K18: X | L18: X | M18: X | R18: X | S18: X | T18: X | Y18: X | Z18: X | AA18: X | AF18: X | AG18: X | AH18: X | AK18: =+COUNTIF(F18:AJ18,"X")+COUNTIF(F18:AJ18,"E") -> 13 | AL18: =+COUNTIF(F18:AJ18,"R")+COUNTIF(F18:AJ18,"T")+COUNTIF(F18:AJ18,"İ") -> 0 | AM18: =+COUNTIF(F18:AJ18,"İ") -> 0 | AN18: 45985
A19: TR520001009010110010105001 | B19: 14 | C19: 10307955460 | D19: AYÇA | E19: YAZICI | F19: X | H19: X | J19: X | M19: X | O19: X | Q19: X | T19: X | V19: X | X19: X | AA19: X | AC19: X | AE19: İ | AH19: X | AJ19: X | AK19: =+COUNTIF(F19:AJ19,"X")+COUNTIF(F19:AJ19,"E") -> 13 | AL19: =+COUNTIF(F19:AJ19,"R")+COUNTIF(F19:AJ19,"T")+COUNTIF(F19:AJ19,"İ") -> 1 | AM19: =+COUNTIF(F19:AJ19,"İ") -> 1 | AN19: 45985
A20: TR830001009010018214505001 | B20: 15 | C20: 37796134572 | D20: AYŞE | E20: KADIOĞULLARI | F20: X | G20: X | H20: X | M20: X | N20: X | O20: X | T20: X | U20: X | V20: X | AA20: X | AB20: X | AC20: X | AH20: İ | AI20: İ | AJ20: X | AK20: =+COUNTIF(F20:AJ20,"X")+COUNTIF(F20:AJ20,"E") -> 13 | AL20: =+COUNTIF(F20:AJ20,"R")+COUNTIF(F20:AJ20,"T")+COUNTIF(F20:AJ20,"İ") -> 2 | AM20: =+COUNTIF(F20:AJ20,"İ") -> 2 | AN20: 45985
A21: TR340006701000000012356801 | B21: 16 | C21: 20425647000 | D21: AYŞE | E21: KÜÇÜKALİ | H21: X | I21: X | J21: X | O21: X | P21: X | Q21: X | V21: X | W21: X | X21: X | AC21: X | AD21: X | AE21: X | AK21: =+COUNTIF(F21:AJ21,"X")+COUNTIF(F21:AJ21,"E") -> 12 | AL21: =+COUNTIF(F21:AJ21,"R")+COUNTIF(F21:AJ21,"T")+COUNTIF(F21:AJ21,"İ") -> 0 | AM21: =+COUNTIF(F21:AJ21,"İ") -> 0 | AN21: 45985
A22: TR650001009010552580105001 | B22: 17 | C22: 10211811296 | D22: AYŞE NUR | E22: TÜRKYILMAZ | G22: X | H22: X | J22: X | N22: X | O22: X | Q22: X | U22: X | V22: X | X22: X | AB22: X | AC22: X | AE22: X | AI22: X | AJ22: X | AK22: =+COUNTIF(F22:AJ22,"X")+COUNTIF(F22:AJ22,"E") -> 14 | AL22: =+COUNTIF(F22:AJ22,"R")+COUNTIF(F22:AJ22,"T")+COUNTIF(F22:AJ22,"İ") -> 0 | AM22: =+COUNTIF(F22:AJ22,"İ") -> 0 | AN22: 45985
A23: TR560001009010276446500001 | B23: 18 | C23: 38158642018 | D23: AYŞENUR TUĞBA | E23: KILIÇARSLAN | H23: X | I23: X | J23: X | O23: X | P23: X | Q23: X | V23: X | W23: X | X23: X | AC23: X | AD23: X | AE23: X | AJ23: X | AK23: =+COUNTIF(F23:AJ23,"X")+COUNTIF(F23:AJ23,"E") -> 13 | AL23: =+COUNTIF(F23:AJ23,"R")+COUNTIF(F23:AJ23,"T")+COUNTIF(F23:AJ23,"İ") -> 0 | AM23: =+COUNTIF(F23:AJ23,"İ") -> 0 | AN23: 45985
A24: TR310004601245888000103590 | B24: 19 | C24: 10391956060 | D24: AYŞENUR | E24: YILDIRIM | F24: X | G24: X | I24: X | M24: X | N24: X | P24: X | T24: X | U24: X | W24: X | AA24: X | AB24: X | AD24: X | AH24: X | AI24: X | AK24: =+COUNTIF(F24:AJ24,"X")+COUNTIF(F24:AJ24,"E") -> 14 | AL24: =+COUNTIF(F24:AJ24,"R")+COUNTIF(F24:AJ24,"T")+COUNTIF(F24:AJ24,"İ") -> 0 | AM24: =+COUNTIF(F24:AJ24,"İ") -> 0 | AN24: 45985
A25: TR860001009010458311205001 | B25: 20 | C25: 10075858284 | D25: AZİZE NUR | E25: TUTUM | G25: X | J25: X | N25: İ | Q25: X | T25: X | U25: X | V25: X | AB25: İ | AE25: X | AI25: İ | AK25: =+COUNTIF(F25:AJ25,"X")+COUNTIF(F25:AJ25,"E") -> 7 | AL25: =+COUNTIF(F25:AJ25,"R")+COUNTIF(F25:AJ25,"T")+COUNTIF(F25:AJ25,"İ") -> 3 | AM25: =+COUNTIF(F25:AJ25,"İ") -> 3 | AN25: 45985
A26: TR800006200068700006892740 | B26: 21 | C26: 38815458440 | D26: AZRA | E26: ÖZGÜL | F26: X | G26: X | J26: X | M26: X | N26: X | Q26: X | T26: X | U26: X | X26: X | AA26: X | AB26: X | AE26: X | AH26: X | AI26: X | AK26: =+COUNTIF(F26:AJ26,"X")+COUNTIF(F26:AJ26,"E") -> 14 | AL26: =+COUNTIF(F26:AJ26,"R")+COUNTIF(F26:AJ26,"T")+COUNTIF(F26:AJ26,"İ") -> 0 | AM26: =+COUNTIF(F26:AJ26,"İ") -> 0 | AN26: 45985
A27: TR260006701000000078559930 | B27: 22 | C27: 22682146630 | D27: BEGÜM | E27: YALÇIN | F27: X | G27: X | J27: X | M27: X | N27: X | Q27: İ | T27: X | U27: X | X27: X | AA27: X | AB27: X | AE27: X | AH27: X | AI27: X | AK27: =+COUNTIF(F27:AJ27,"X")+COUNTIF(F27:AJ27,"E") -> 13 | AL27: =+COUNTIF(F27:AJ27,"R")+COUNTIF(F27:AJ27,"T")+COUNTIF(F27:AJ27,"İ") -> 1 | AM27: =+COUNTIF(F27:AJ27,"İ") -> 1 | AN27: 45985
A28: TR780004600563888000363339 | B28: 23 | C28: 10048324686 | D28: BERAT | E28: ÇAM | G28: X | H28: X | I28: X | N28: X | O28: X | P28: X | U28: X | V28: X | W28: X | AB28: X | AC28: X | AD28: X | AK28: =+COUNTIF(F28:AJ28,"X")+COUNTIF(F28:AJ28,"E") -> 12 | AL28: =+COUNTIF(F28:AJ28,"R")+COUNTIF(F28:AJ28,"T")+COUNTIF(F28:AJ28,"İ") -> 0 | AM28: =+COUNTIF(F28:AJ28,"İ") -> 0 | AN28: 45985
A29: TR830001009010204648505001 | B29: 24 | C29: 60583295750 | D29: BETÜL | E29: ÖZTÜRK | H29: X | J29: X | K29: X | O29: X | Q29: X | R29: X | V29: X | X29: X | Y29: X | AC29: X | AE29: X | AF29: X | AJ29: X | AK29: =+COUNTIF(F29:AJ29,"X")+COUNTIF(F29:AJ29,"E") -> 13 | AL29: =+COUNTIF(F29:AJ29,"R")+COUNTIF(F29:AJ29,"T")+COUNTIF(F29:AJ29,"İ") -> 0 | AM29: =+COUNTIF(F29:AJ29,"İ") -> 0 | AN29: 45985
A30: TR350006200151700006611592 | B30: 25 | C30: 15829750838 | D30: BETÜL | E30: UYAR | H30: X | J30: X | O30: X | Q30: X | U30: X | V30: X | X30: X | AB30: X | AC30: X | AE30: X | AI30: X | AJ30: X | AK30: =+COUNTIF(F30:AJ30,"X")+COUNTIF(F30:AJ30,"E") -> 12 | AL30: =+COUNTIF(F30:AJ30,"R")+COUNTIF(F30:AJ30,"T")+COUNTIF(F30:AJ30,"İ") -> 0 | AM30: =+COUNTIF(F30:AJ30,"İ") -> 0 | AN30: 45985
A31: TR390001009010263272305001 | B31: 27 | C31: 12029296494 | D31: BİLAL EMİR | E31: GÖK | F31: X | G31: X | H31: X | M31: X | N31: X | O31: X | V31: X | W31: X | X31: X | AC31: X | AD31: X | AE31: X | AH31: X | AI31: X | AJ31: X | AK31: =+COUNTIF(F31:AJ31,"X")+COUNTIF(F31:AJ31,"E") -> 15 | AL31: =+COUNTIF(F31:AJ31,"R")+COUNTIF(F31:AJ31,"T")+COUNTIF(F31:AJ31,"İ") -> 0 | AM31: =+COUNTIF(F31:AJ31,"İ") -> 0 | AN31: 45985
A32: TR930006400000180300609819 | B32: 26 | C32: 11559114636 | D32: BİLAL | E32: GÜNGÖR | G32: X | Q32: İ | Z32: İ | AG32: İ | AK32: =+COUNTIF(F32:AJ32,"X")+COUNTIF(F32:AJ32,"E") -> 1 | AL32: =+COUNTIF(F32:AJ32,"R")+COUNTIF(F32:AJ32,"T")+COUNTIF(F32:AJ32,"İ") -> 3 | AM32: =+COUNTIF(F32:AJ32,"İ") -> 3 | AN32: 45985
A33: TR860001001799959944335001 | B33: 28 | C33: 16765732636 | D33: BUSE | E33: ALACA | F33: X | G33: X | I33: X | M33: X | N33: X | P33: X | T33: X | U33: X | W33: X | AA33: X | AB33: X | AD33: X | AH33: X | AI33: X | AK33: =+COUNTIF(F33:AJ33,"X")+COUNTIF(F33:AJ33,"E") -> 14 | AL33: =+COUNTIF(F33:AJ33,"R")+COUNTIF(F33:AJ33,"T")+COUNTIF(F33:AJ33,"İ") -> 0 | AM33: =+COUNTIF(F33:AJ33,"İ") -> 0 | AN33: 45985
A34: TR480004600094888000220489 | B34: 29 | C34: 10169157156 | D34: BUSE | E34: PAMUK | F34: X | M34: X | T34: X | AA34: X | AK34: =+COUNTIF(F34:AJ34,"X")+COUNTIF(F34:AJ34,"E") -> 4 | AL34: =+COUNTIF(F34:AJ34,"R")+COUNTIF(F34:AJ34,"T")+COUNTIF(F34:AJ34,"İ") -> 0 | AM34: =+COUNTIF(F34:AJ34,"İ") -> 0 | AN34: 45985 | AO34: 46022
A35: TR350001009010260552505001 | B35: 30 | C35: 22309168236 | D35: CAFER | E35: SOYLU | F35: X | G35: X | J35: X | M35: X | N35: X | Q35: X | T35: X | U35: X | X35: X | AA35: X | AB35: X | AE35: X | AH35: X | AI35: X | AK35: =+COUNTIF(F35:AJ35,"X")+COUNTIF(F35:AJ35,"E") -> 14 | AL35: =+COUNTIF(F35:AJ35,"R")+COUNTIF(F35:AJ35,"T")+COUNTIF(F35:AJ35,"İ") -> 0 | AM35: =+COUNTIF(F35:AJ35,"İ") -> 0 | AN35: 45985
A36: TR290001009010067788405001 | B36: 31 | C36: 15725667650 | D36: CANER | E36: YILDIZ | F36: X | K36: X | L36: X | M36: X | R36: X | S36: X | T36: X | Y36: X | Z36: X | AA36: X | AC36: X | AG36: X | AH36: X | AJ36: X | AK36: =+COUNTIF(F36:AJ36,"X")+COUNTIF(F36:AJ36,"E") -> 14 | AL36: =+COUNTIF(F36:AJ36,"R")+COUNTIF(F36:AJ36,"T")+COUNTIF(F36:AJ36,"İ") -> 0 | AM36: =+COUNTIF(F36:AJ36,"İ") -> 0 | AN36: 45985
A37: TR750001200929900001140213 | B37: 32 | C37: 15709804262 | D37: CEMAL AFŞİN | E37: TÜRKYILMAZ | G37: X | H37: X | J37: X | N37: X | Q37: X | U37: X | V37: X | X37: X | AB37: X | AE37: X | AI37: X | AJ37: X | AK37: =+COUNTIF(F37:AJ37,"X")+COUNTIF(F37:AJ37,"E") -> 12 | AL37: =+COUNTIF(F37:AJ37,"R")+COUNTIF(F37:AJ37,"T")+COUNTIF(F37:AJ37,"İ") -> 0 | AM37: =+COUNTIF(F37:AJ37,"İ") -> 0 | AN37: 45985
A38: TR220006701000000033603703 | B38: 33 | C38: 10841685564 | D38: CEMRE | E38: GÜRŞEN | G38: X | H38: X | I38: X | N38: X | O38: X | P38: X | U38: X | V38: X | W38: X | AB38: X | AC38: X | AD38: X | AI38: X | AJ38: X | AK38: =+COUNTIF(F38:AJ38,"X")+COUNTIF(F38:AJ38,"E") -> 14 | AL38: =+COUNTIF(F38:AJ38,"R")+COUNTIF(F38:AJ38,"T")+COUNTIF(F38:AJ38,"İ") -> 0 | AM38: =+COUNTIF(F38:AJ38,"İ") -> 0 | AN38: 45985
A39: TR740001009010956764805002 | B39: 34 | C39: 11102488016 | D39: CEREN | E39: YILDIRIM | F39: X | J39: X | K39: X | M39: X | Q39: X | R39: X | T39: X | X39: X | Y39: X | AA39: X | AE39: X | AF39: X | AH39: X | AK39: =+COUNTIF(F39:AJ39,"X")+COUNTIF(F39:AJ39,"E") -> 13 | AL39: =+COUNTIF(F39:AJ39,"R")+COUNTIF(F39:AJ39,"T")+COUNTIF(F39:AJ39,"İ") -> 0 | AM39: =+COUNTIF(F39:AJ39,"İ") -> 0 | AN39: 45985
A40: TR450006701000000075954168 | B40: 35 | C40: 45631014194 | D40: ÇAĞLAYAN EFE | E40: KOYUNCU | I40: X | K40: X | L40: X | P40: X | R40: X | S40: X | W40: X | Y40: X | Z40: X | AD40: X | AF40: X | AG40: X | AK40: =+COUNTIF(F40:AJ40,"X")+COUNTIF(F40:AJ40,"E") -> 12 | AL40: =+COUNTIF(F40:AJ40,"R")+COUNTIF(F40:AJ40,"T")+COUNTIF(F40:AJ40,"İ") -> 0 | AM40: =+COUNTIF(F40:AJ40,"İ") -> 0 | AN40: 45985
A41: TR560001009010131877705001 | B41: 36 | C41: 64426278672 | D41: DİCLE | E41: GEYİK | F41: X | I41: X | J41: X | M41: X | P41: X | Q41: X | T41: X | W41: X | X41: X | AA41: X | AD41: X | AE41: X | AH41: X | AK41: =+COUNTIF(F41:AJ41,"X")+COUNTIF(F41:AJ41,"E") -> 13 | AL41: =+COUNTIF(F41:AJ41,"R")+COUNTIF(F41:AJ41,"T")+COUNTIF(F41:AJ41,"İ") -> 0 | AM41: =+COUNTIF(F41:AJ41,"İ") -> 0 | AN41: 45985
A42: TR040001200132900001130998 | B42: 37 | C42: 11158958198 | D42: ECEM | E42: BULUT | H42: X | J42: X | K42: X | O42: X | Q42: X | R42: X | V42: X | X42: X | Y42: X | AC42: X | AE42: X | AF42: X | AJ42: X | AK42: =+COUNTIF(F42:AJ42,"X")+COUNTIF(F42:AJ42,"E") -> 13 | AL42: =+COUNTIF(F42:AJ42,"R")+COUNTIF(F42:AJ42,"T")+COUNTIF(F42:AJ42,"İ") -> 0 | AM42: =+COUNTIF(F42:AJ42,"İ") -> 0 | AN42: 45985
A43: TR770004600431888000211459 | B43: 38 | C43: 10438965994 | D43: EFE | E43: FEVZİOĞLU | F43: X | H43: X | J43: X | M43: X | O43: X | Q43: X | T43: X | V43: X | X43: X | AA43: X | AC43: X | AE43: X | AH43: X | AJ43: X | AK43: =+COUNTIF(F43:AJ43,"X")+COUNTIF(F43:AJ43,"E") -> 14 | AL43: =+COUNTIF(F43:AJ43,"R")+COUNTIF(F43:AJ43,"T")+COUNTIF(F43:AJ43,"İ") -> 0 | AM43: =+COUNTIF(F43:AJ43,"İ") -> 0 | AN43: 45985
A44: TR630006701000000035553441 | B44: 39 | C44: 10634557832 | D44: EFE | E44: ŞAHİN | F44: X | H44: X | J44: X | M44: X | O44: X | Q44: X | T44: X | V44: X | X44: X | AA44: X | AC44: X | AE44: X | AH44: X | AJ44: X | AK44: =+COUNTIF(F44:AJ44,"X")+COUNTIF(F44:AJ44,"E") -> 14 | AL44: =+COUNTIF(F44:AJ44,"R")+COUNTIF(F44:AJ44,"T")+COUNTIF(F44:AJ44,"İ") -> 0 | AM44: =+COUNTIF(F44:AJ44,"İ") -> 0 | AN44: 45985
A45: TR830001009010538106805002 | B45: 40 | C45: 10257029938 | D45: EGEMEN | E45: KÜÇÜKLER | I45: X | J45: X | P45: X | Q45: X | W45: X | X45: X | AD45: X | AE45: X | AK45: =+COUNTIF(F45:AJ45,"X")+COUNTIF(F45:AJ45,"E") -> 8 | AL45: =+COUNTIF(F45:AJ45,"R")+COUNTIF(F45:AJ45,"T")+COUNTIF(F45:AJ45,"İ") -> 0 | AM45: =+COUNTIF(F45:AJ45,"İ") -> 0 | AN45: 45985
A46: TR450001009010302805505001 | B46: 41 | C46: 10067993948 | D46: EKREM | E46: TERZİOĞLU | I46: X | J46: X | K46: X | P46: X | Q46: X | R46: X | W46: X | X46: X | Y46: X | AD46: X | AE46: X | AF46: X | AK46: =+COUNTIF(F46:AJ46,"X")+COUNTIF(F46:AJ46,"E") -> 12 | AL46: =+COUNTIF(F46:AJ46,"R")+COUNTIF(F46:AJ46,"T")+COUNTIF(F46:AJ46,"İ") -> 0 | AM46: =+COUNTIF(F46:AJ46,"İ") -> 0 | AN46: 45985
A47: TR520001009010110010105001 | B47: 42 | C47: 16240785980 | D47: ELİF | E47: MİSK | G47: X | I47: X | J47: X | N47: X | P47: X | Q47: X | U47: X | W47: X | X47: X | AB47: X | AD47: X | AE47: X | AI47: X | AK47: =+COUNTIF(F47:AJ47,"X")+COUNTIF(F47:AJ47,"E") -> 13 | AL47: =+COUNTIF(F47:AJ47,"R")+COUNTIF(F47:AJ47,"T")+COUNTIF(F47:AJ47,"İ") -> 0 | AM47: =+COUNTIF(F47:AJ47,"İ") -> 0 | AN47: 45985
A48: TR870001009010757059005002 | B48: 43 | C48: 12202274516 | D48: ELİF NAZ | E48: KÖKSAL | F48: X | H48: X | J48: X | M48: X | O48: X | Q48: X | T48: X | V48: X | X48: X | AA48: X | AC48: X | AE48: X | AH48: X | AJ48: İ | AK48: =+COUNTIF(F48:AJ48,"X")+COUNTIF(F48:AJ48,"E") -> 13 | AL48: =+COUNTIF(F48:AJ48,"R")+COUNTIF(F48:AJ48,"T")+COUNTIF(F48:AJ48,"İ") -> 1 | AM48: =+COUNTIF(F48:AJ48,"İ") -> 1 | AN48: 45985
A49: TR630001009010757356305002 | B49: 44 | C49: 13784186020 | D49: ELİFE KEVSER | E49: ÖZTEK | M49: X | R49: X | S49: X | T49: X | Y49: X | Z49: X | AA49: X | AF49: X | AG49: X | AH49: X | AK49: =+COUNTIF(F49:AJ49,"X")+COUNTIF(F49:AJ49,"E") -> 10 | AL49: =+COUNTIF(F49:AJ49,"R")+COUNTIF(F49:AJ49,"T")+COUNTIF(F49:AJ49,"İ") -> 0 | AM49: =+COUNTIF(F49:AJ49,"İ") -> 0 | AN49: 45985
A50: TR070001009010559917805002 | B50: 45 | C50: 36073704224 | D50: EMİNE BEYZA | E50: SÖYLER | F50: X | H50: X | I50: X | M50: X | O50: X | P50: X | T50: X | V50: X | W50: X | AA50: X | AC50: X | AD50: X | AH50: X | AJ50: X | AK50: =+COUNTIF(F50:AJ50,"X")+COUNTIF(F50:AJ50,"E") -> 14 | AL50: =+COUNTIF(F50:AJ50,"R")+COUNTIF(F50:AJ50,"T")+COUNTIF(F50:AJ50,"İ") -> 0 | AM50: =+COUNTIF(F50:AJ50,"İ") -> 0 | AN50: 45985
A51: TR370001009010017861805002 | B51: 46 | C51: 12019646278 | D51: EMİNE | E51: ÇAKIR | G51: X | H51: X | I51: X | O51: İ | U51: X | V51: X | W51: X | AB51: X | AC51: X | AD51: X | AI51: X | AJ51: X | AK51: =+COUNTIF(F51:AJ51,"X")+COUNTIF(F51:AJ51,"E") -> 11 | AL51: =+COUNTIF(F51:AJ51,"R")+COUNTIF(F51:AJ51,"T")+COUNTIF(F51:AJ51,"İ") -> 1 | AM51: =+COUNTIF(F51:AJ51,"İ") -> 1 | AN51: 45985
A52: TR260015700000000112863418 | B52: 47 | C52: 41449479170 | D52: EMİR | E52: AN | I52: X | J52: X | K52: X | P52: X | Q52: X | R52: X | W52: X | X52: X | Y52: X | AD52: X | AE52: X | AF52: X | AK52: =+COUNTIF(F52:AJ52,"X")+COUNTIF(F52:AJ52,"E") -> 12 | AL52: =+COUNTIF(F52:AJ52,"R")+COUNTIF(F52:AJ52,"T")+COUNTIF(F52:AJ52,"İ") -> 0 | AM52: =+COUNTIF(F52:AJ52,"İ") -> 0 | AN52: 45985
A53: TR670006701000000035540856 | B53: 48 | C53: 19793201204 | D53: EMİR | E53: DAŞTAN | G53: X | N53: X | T53: X | U53: X | V53: X | AB53: X | AI53: X | AK53: =+COUNTIF(F53:AJ53,"X")+COUNTIF(F53:AJ53,"E") -> 7 | AL53: =+COUNTIF(F53:AJ53,"R")+COUNTIF(F53:AJ53,"T")+COUNTIF(F53:AJ53,"İ") -> 0 | AM53: =+COUNTIF(F53:AJ53,"İ") -> 0 | AN53: 45985
A54: TR900001009010028993005001 | B54: 49 | C54: 19156656290 | D54: EMİRCAN | E54: DAL | F54: X | I54: X | J54: X | M54: X | P54: X | Q54: X | T54: X | W54: X | X54: X | AA54: X | AD54: X | AE54: X | AK54: =+COUNTIF(F54:AJ54,"X")+COUNTIF(F54:AJ54,"E") -> 12 | AL54: =+COUNTIF(F54:AJ54,"R")+COUNTIF(F54:AJ54,"T")+COUNTIF(F54:AJ54,"İ") -> 0 | AM54: =+COUNTIF(F54:AJ54,"İ") -> 0 | AN54: 45985
A55: TR360001000147908562985001 | B55: 50 | C55: 10877603754 | D55: EMİRHAN | E55: BURULDAY | G55: X | H55: X | I55: X | N55: X | O55: X | P55: X | U55: X | V55: X | W55: X | AB55: X | AC55: X | AD55: X | AI55: X | AJ55: X | AK55: =+COUNTIF(F55:AJ55,"X")+COUNTIF(F55:AJ55,"E") -> 14 | AL55: =+COUNTIF(F55:AJ55,"R")+COUNTIF(F55:AJ55,"T")+COUNTIF(F55:AJ55,"İ") -> 0 | AM55: =+COUNTIF(F55:AJ55,"İ") -> 0 | AN55: 45985
A56: TR060004600558888000145859 | B56: 51 | C56: 10100154114 | D56: EMİRHAN | E56: ÇELİK | H56: X | I56: X | J56: X | O56: X | P56: X | Q56: X | V56: X | W56: X | X56: X | AC56: X | AD56: X | AE56: X | AJ56: X | AK56: =+COUNTIF(F56:AJ56,"X")+COUNTIF(F56:AJ56,"E") -> 13 | AL56: =+COUNTIF(F56:AJ56,"R")+COUNTIF(F56:AJ56,"T")+COUNTIF(F56:AJ56,"İ") -> 0 | AM56: =+COUNTIF(F56:AJ56,"İ") -> 0 | AN56: 45985
A57: TR780001500158007319484193 | B57: 52 | C57: 12538250994 | D57: EMİRHAN | E57: YILDIRIM | H57: X | I57: X | J57: X | O57: X | P57: X | Q57: X | V57: X | W57: X | X57: X | AC57: X | AD57: X | AE57: X | AJ57: X | AK57: =+COUNTIF(F57:AJ57,"X")+COUNTIF(F57:AJ57,"E") -> 13 | AL57: =+COUNTIF(F57:AJ57,"R")+COUNTIF(F57:AJ57,"T")+COUNTIF(F57:AJ57,"İ") -> 0 | AM57: =+COUNTIF(F57:AJ57,"İ") -> 0 | AN57: 45985
A58: TR020006701000000036153320 | B58: 53 | C58: 60862510536 | D58: EMİRHAN | E58: YILDIZ | G58: X | H58: X | I58: X | N58: X | O58: X | P58: X | U58: X | V58: X | W58: X | AB58: X | AC58: X | AD58: X | AI58: X | AJ58: X | AK58: =+COUNTIF(F58:AJ58,"X")+COUNTIF(F58:AJ58,"E") -> 14 | AL58: =+COUNTIF(F58:AJ58,"R")+COUNTIF(F58:AJ58,"T")+COUNTIF(F58:AJ58,"İ") -> 0 | AM58: =+COUNTIF(F58:AJ58,"İ") -> 0 | AN58: 45985
A59: TR350001009010801249905001 | B59: 54 | C59: 11056947294 | D59: EMRE | E59: FIRAT | F59: X | G59: X | J59: X | K59: X | L59: X | Q59: X | U59: X | W59: X | X59: X | AB59: X | AD59: X | AE59: X | AH59: X | AI59: X | AK59: =+COUNTIF(F59:AJ59,"X")+COUNTIF(F59:AJ59,"E") -> 14 | AL59: =+COUNTIF(F59:AJ59,"R")+COUNTIF(F59:AJ59,"T")+COUNTIF(F59:AJ59,"İ") -> 0 | AM59: =+COUNTIF(F59:AJ59,"İ") -> 0 | AN59: 45985
A60: TR480006200066700006611631 | B60: 55 | C60: 10630966102 | D60: EMRE | E60: KOCAHALİLOĞULLARI | F60: X | H60: X | J60: X | M60: X | O60: X | Q60: X | T60: X | V60: X | X60: X | AA60: X | AC60: X | AE60: X | AH60: X | AJ60: X | AK60: =+COUNTIF(F60:AJ60,"X")+COUNTIF(F60:AJ60,"E") -> 14 | AL60: =+COUNTIF(F60:AJ60,"R")+COUNTIF(F60:AJ60,"T")+COUNTIF(F60:AJ60,"İ") -> 0 | AM60: =+COUNTIF(F60:AJ60,"İ") -> 0 | AN60: 45985
A61: TR460006200011500006532462 | B61: 56 | C61: 60736357120 | D61: EMRE | E61: YILMAZ | J61: İ | K61: İ | Q61: İ | R61: X | X61: X | Y61: X | AE61: X | AF61: X | AK61: =+COUNTIF(F61:AJ61,"X")+COUNTIF(F61:AJ61,"E") -> 5 | AL61: =+COUNTIF(F61:AJ61,"R")+COUNTIF(F61:AJ61,"T")+COUNTIF(F61:AJ61,"İ") -> 3 | AM61: =+COUNTIF(F61:AJ61,"İ") -> 3 | AN61: 45985
A62: TR340001009010200250205007 | B62: 57 | C62: 31795253678 | D62: ENES | E62: DURAN | F62: X | I62: X | J62: X | M62: X | P62: X | Q62: X | T62: X | W62: X | X62: X | AA62: X | AD62: X | AE62: X | AK62: =+COUNTIF(F62:AJ62,"X")+COUNTIF(F62:AJ62,"E") -> 12 | AL62: =+COUNTIF(F62:AJ62,"R")+COUNTIF(F62:AJ62,"T")+COUNTIF(F62:AJ62,"İ") -> 0 | AM62: =+COUNTIF(F62:AJ62,"İ") -> 0 | AN62: 45985
A63: TR790001009010548106505004 | B63: 58 | C63: 13613592022 | D63: ENES | E63: ÖZCAN | I63: X | J63: X | K63: X | P63: X | Q63: X | R63: X | W63: X | X63: X | Y63: X | AD63: X | AE63: X | AF63: X | AK63: =+COUNTIF(F63:AJ63,"X")+COUNTIF(F63:AJ63,"E") -> 12 | AL63: =+COUNTIF(F63:AJ63,"R")+COUNTIF(F63:AJ63,"T")+COUNTIF(F63:AJ63,"İ") -> 0 | AM63: =+COUNTIF(F63:AJ63,"İ") -> 0 | AN63: 45985
A64: TR940020500009705379400001 | B64: 59 | C64: 42379294314 | D64: ENİSE | E64: GÖK | H64: X | M64: X | N64: X | O64: İ | T64: X | U64: X | V64: X | AA64: X | AB64: X | AC64: X | AH64: X | AI64: X | AJ64: X | AK64: =+COUNTIF(F64:AJ64,"X")+COUNTIF(F64:AJ64,"E") -> 12 | AL64: =+COUNTIF(F64:AJ64,"R")+COUNTIF(F64:AJ64,"T")+COUNTIF(F64:AJ64,"İ") -> 1 | AM64: =+COUNTIF(F64:AJ64,"İ") -> 1 | AN64: 45985
A65: TR660001009010757732605002 | B65: 60 | C65: 10267937780 | D65: ENNUR | E65: ÜNAL | F65: X | H65: X | J65: X | M65: X | O65: X | Q65: X | T65: X | V65: X | X65: X | AA65: X | AC65: X | AE65: X | AH65: X | AJ65: X | AK65: =+COUNTIF(F65:AJ65,"X")+COUNTIF(F65:AJ65,"E") -> 14 | AL65: =+COUNTIF(F65:AJ65,"R")+COUNTIF(F65:AJ65,"T")+COUNTIF(F65:AJ65,"İ") -> 0 | AM65: =+COUNTIF(F65:AJ65,"İ") -> 0 | AN65: 45985
A66: TR740001002062972681045001 | B66: 61 | C66: 10559226820 | D66: EREN | E66: BEYDİLLİ | AK66: =+COUNTIF(F66:AJ66,"X")+COUNTIF(F66:AJ66,"E") -> 0 | AL66: =+COUNTIF(F66:AJ66,"R")+COUNTIF(F66:AJ66,"T")+COUNTIF(F66:AJ66,"İ") -> 0 | AM66: =+COUNTIF(F66:AJ66,"İ") -> 0 | AN66: 45985 | AO66: 46003
A67: TR340006200053200006628854 | B67: 62 | C67: 10129854538 | D67: EREN | E67: BOYLU | F67: X | I67: X | J67: X | O67: X | P67: X | Q67: X | U67: X | V67: X | X67: X | AB67: X | AC67: X | AE67: X | AH67: X | AK67: =+COUNTIF(F67:AJ67,"X")+COUNTIF(F67:AJ67,"E") -> 13 | AL67: =+COUNTIF(F67:AJ67,"R")+COUNTIF(F67:AJ67,"T")+COUNTIF(F67:AJ67,"İ") -> 0 | AM67: =+COUNTIF(F67:AJ67,"İ") -> 0 | AN67: 45985
A68: TR430006200126600006645295 | B68: 63 | C68: 10591948872 | D68: EREN | E68: SAĞIR | G68: X | H68: X | J68: X | N68: X | O68: X | Q68: X | U68: X | V68: X | X68: X | AB68: X | AC68: X | AE68: X | AI68: X | AJ68: X | AK68: =+COUNTIF(F68:AJ68,"X")+COUNTIF(F68:AJ68,"E") -> 14 | AL68: =+COUNTIF(F68:AJ68,"R")+COUNTIF(F68:AJ68,"T")+COUNTIF(F68:AJ68,"İ") -> 0 | AM68: =+COUNTIF(F68:AJ68,"İ") -> 0 | AN68: 45989
A69: TR660006200072700006821497 | B69: 64 | C69: 31750012616 | D69: ERTUĞRUL | E69: YILDIRAN | G69: X | H69: X | J69: X | M69: X | N69: X | Q69: X | T69: X | U69: X | X69: X | AA69: X | AB69: X | AE69: X | AH69: X | AI69: X | AK69: =+COUNTIF(F69:AJ69,"X")+COUNTIF(F69:AJ69,"E") -> 14 | AL69: =+COUNTIF(F69:AJ69,"R")+COUNTIF(F69:AJ69,"T")+COUNTIF(F69:AJ69,"İ") -> 0 | AM69: =+COUNTIF(F69:AJ69,"İ") -> 0 | AN69: 45985
A70: TR300001000080964695985001 | B70: 65 | C70: 11758988366 | D70: ESRA BENAN | E70: ÇETİN | F70: X | G70: X | J70: X | M70: X | N70: X | Q70: X | T70: X | X70: X | AA70: X | AB70: X | AE70: X | AH70: X | AI70: X | AK70: =+COUNTIF(F70:AJ70,"X")+COUNTIF(F70:AJ70,"E") -> 13 | AL70: =+COUNTIF(F70:AJ70,"R")+COUNTIF(F70:AJ70,"T")+COUNTIF(F70:AJ70,"İ") -> 0 | AM70: =+COUNTIF(F70:AJ70,"İ") -> 0 | AN70: 45985
A71: TR720001500158007321365131 | B71: 66 | C71: 10041124610 | D71: EYLÜL | E71: AKCAOĞLU | H71: X | I71: X | J71: X | O71: X | P71: X | Q71: X | V71: X | W71: X | X71: X | AC71: X | AD71: X | AE71: X | AK71: =+COUNTIF(F71:AJ71,"X")+COUNTIF(F71:AJ71,"E") -> 12 | AL71: =+COUNTIF(F71:AJ71,"R")+COUNTIF(F71:AJ71,"T")+COUNTIF(F71:AJ71,"İ") -> 0 | AM71: =+COUNTIF(F71:AJ71,"İ") -> 0 | AN71: 45985
A72: TR380015700000000120277688 | B72: 67 | C72: 26104431304 | D72: EZGİ | E72: BÜYÜKKAYA | F72: X | J72: X | M72: X | Q72: X | T72: X | X72: X | AA72: X | AE72: X | AH72: X | AK72: =+COUNTIF(F72:AJ72,"X")+COUNTIF(F72:AJ72,"E") -> 9 | AL72: =+COUNTIF(F72:AJ72,"R")+COUNTIF(F72:AJ72,"T")+COUNTIF(F72:AJ72,"İ") -> 0 | AM72: =+COUNTIF(F72:AJ72,"İ") -> 0 | AN72: 45985
A73: TR660001009010580321005003 | B73: 68 | C73: 13939155444 | D73: EZGİNAZ | E73: GÜNDEDE | H73: X | J73: X | N73: X | O73: X | Q73: X | U73: X | V73: X | X73: X | AC73: X | AE73: X | AI73: X | AK73: =+COUNTIF(F73:AJ73,"X")+COUNTIF(F73:AJ73,"E") -> 11 | AL73: =+COUNTIF(F73:AJ73,"R")+COUNTIF(F73:AJ73,"T")+COUNTIF(F73:AJ73,"İ") -> 0 | AM73: =+COUNTIF(F73:AJ73,"İ") -> 0 | AN73: 45985
A74: TR630006400000122031228199 | B74: 69 | C74: 11635943068 | D74: FATMA YAREN | E74: ERDOĞAN | F74: X | H74: X | J74: X | M74: X | O74: X | Q74: X | T74: X | V74: X | X74: X | AA74: X | AC74: X | AE74: X | AH74: X | AJ74: X | AK74: =+COUNTIF(F74:AJ74,"X")+COUNTIF(F74:AJ74,"E") -> 14 | AL74: =+COUNTIF(F74:AJ74,"R")+COUNTIF(F74:AJ74,"T")+COUNTIF(F74:AJ74,"İ") -> 0 | AM74: =+COUNTIF(F74:AJ74,"İ") -> 0 | AN74: 45985
A75: TR370006701000000041998977 | B75: 70 | C75: 17333252242 | D75: FEYZA | E75: KARACA | G75: X | H75: X | I75: X | N75: X | O75: X | P75: X | U75: X | V75: X | W75: X | AB75: X | AC75: X | AD75: X | AK75: =+COUNTIF(F75:AJ75,"X")+COUNTIF(F75:AJ75,"E") -> 12 | AL75: =+COUNTIF(F75:AJ75,"R")+COUNTIF(F75:AJ75,"T")+COUNTIF(F75:AJ75,"İ") -> 0 | AM75: =+COUNTIF(F75:AJ75,"İ") -> 0 | AN75: 45985
A76: TR720006200154400006657157 | B76: 71 | C76: 10861953766 | D76: FİLİZ | E76: ÇİNİ | G76: X | H76: X | J76: X | N76: X | O76: X | Q76: X | U76: X | V76: X | X76: X | AB76: X | AC76: X | AE76: X | AI76: X | AJ76: X | AK76: =+COUNTIF(F76:AJ76,"X")+COUNTIF(F76:AJ76,"E") -> 14 | AL76: =+COUNTIF(F76:AJ76,"R")+COUNTIF(F76:AJ76,"T")+COUNTIF(F76:AJ76,"İ") -> 0 | AM76: =+COUNTIF(F76:AJ76,"İ") -> 0 | AN76: 45985
A77: TR690001002327797078855001 | B77: 72 | C77: 10385934418 | D77: FURKAN | E77: AKAN | F77: X | J77: X | M77: X | Q77: X | T77: X | X77: X | AA77: X | AE77: X | AH77: X | AK77: =+COUNTIF(F77:AJ77,"X")+COUNTIF(F77:AJ77,"E") -> 9 | AL77: =+COUNTIF(F77:AJ77,"R")+COUNTIF(F77:AJ77,"T")+COUNTIF(F77:AJ77,"İ") -> 0 | AM77: =+COUNTIF(F77:AJ77,"İ") -> 0 | AN77: 45985
A78: TR220020500009090660800001 | B78: 73 | C78: 10291959826 | D78: FURKAN SELİM | E78: DURAN | G78: X | I78: X | K78: X | N78: X | P78: X | S78: X | U78: X | W78: X | Z78: X | AB78: X | AD78: X | AG78: X | AI78: X | AK78: =+COUNTIF(F78:AJ78,"X")+COUNTIF(F78:AJ78,"E") -> 13 | AL78: =+COUNTIF(F78:AJ78,"R")+COUNTIF(F78:AJ78,"T")+COUNTIF(F78:AJ78,"İ") -> 0 | AM78: =+COUNTIF(F78:AJ78,"İ") -> 0 | AN78: 45985
A79: TR590001009010553924105002 | B79: 74 | C79: 22394387604 | D79: GİZEM | E79: MOLLA | G79: X | I79: X | J79: X | N79: X | P79: X | Q79: X | U79: X | W79: X | X79: X | AB79: X | AD79: X | AE79: X | AK79: =+COUNTIF(F79:AJ79,"X")+COUNTIF(F79:AJ79,"E") -> 12 | AL79: =+COUNTIF(F79:AJ79,"R")+COUNTIF(F79:AJ79,"T")+COUNTIF(F79:AJ79,"İ") -> 0 | AM79: =+COUNTIF(F79:AJ79,"İ") -> 0 | AN79: 45985
A80: TR220001009010547170305001 | B80: 75 | C80: 10439263020 | D80: GÖKAY | E80: ÖZEL | H80: X | K80: X | L80: X | O80: X | R80: X | S80: X | V80: X | Y80: X | Z80: X | AC80: X | AF80: X | AG80: X | AJ80: X | AK80: =+COUNTIF(F80:AJ80,"X")+COUNTIF(F80:AJ80,"E") -> 13 | AL80: =+COUNTIF(F80:AJ80,"R")+COUNTIF(F80:AJ80,"T")+COUNTIF(F80:AJ80,"İ") -> 0 | AM80: =+COUNTIF(F80:AJ80,"İ") -> 0 | AN80: 45985
A81: TR380006701000000035426142 | B81: 76 | C81: 10735312002 | D81: GÖRKEM | E81: KOÇ | I81: X | P81: X | W81: X | AD81: X | AK81: =+COUNTIF(F81:AJ81,"X")+COUNTIF(F81:AJ81,"E") -> 4 | AL81: =+COUNTIF(F81:AJ81,"R")+COUNTIF(F81:AJ81,"T")+COUNTIF(F81:AJ81,"İ") -> 0 | AM81: =+COUNTIF(F81:AJ81,"İ") -> 0 | AN81: 45985
A82: TR080001001799658409218002 | B82: 77 | C82: 19358635796 | D82: GÜLSEHER | E82: TAŞĞIN | F82: X | I82: X | J82: X | M82: X | P82: X | Q82: X | T82: X | W82: X | X82: X | AA82: X | AD82: X | AE82: X | AH82: X | AK82: =+COUNTIF(F82:AJ82,"X")+COUNTIF(F82:AJ82,"E") -> 13 | AL82: =+COUNTIF(F82:AJ82,"R")+COUNTIF(F82:AJ82,"T")+COUNTIF(F82:AJ82,"İ") -> 0 | AM82: =+COUNTIF(F82:AJ82,"İ") -> 0 | AN82: 45985
A83: TR930001009010270142705001 | B83: 78 | C83: 15041423268 | D83: GÜLSÜM | E83: ÖZKAN | H83: X | J83: X | K83: X | O83: X | Q83: X | R83: X | V83: X | X83: X | Y83: X | AC83: R | AE83: R | AF83: R | AJ83: X | AK83: =+COUNTIF(F83:AJ83,"X")+COUNTIF(F83:AJ83,"E") -> 10 | AL83: =+COUNTIF(F83:AJ83,"R")+COUNTIF(F83:AJ83,"T")+COUNTIF(F83:AJ83,"İ") -> 3 | AM83: =+COUNTIF(F83:AJ83,"İ") -> 0 | AN83: 45985
A84: TR930001009010733466005003 | B84: 79 | C84: 17603851854 | D84: GÜLTEN | E84: EZDAŞ | J84: X | K84: X | L84: X | Q84: X | R84: X | S84: X | X84: X | Y84: X | Z84: X | AE84: X | AF84: X | AG84: X | AK84: =+COUNTIF(F84:AJ84,"X")+COUNTIF(F84:AJ84,"E") -> 12 | AL84: =+COUNTIF(F84:AJ84,"R")+COUNTIF(F84:AJ84,"T")+COUNTIF(F84:AJ84,"İ") -> 0 | AM84: =+COUNTIF(F84:AJ84,"İ") -> 0 | AN84: 45985
A85: TR220006200110600006610583 | B85: 80 | C85: 10462601820 | D85: GÜZEL | E85: ÖZDEMİR | F85: X | G85: X | H85: X | M85: X | N85: X | O85: X | T85: X | U85: X | V85: X | AA85: X | AB85: X | AC85: X | AH85: X | AI85: X | AJ85: X | AK85: =+COUNTIF(F85:AJ85,"X")+COUNTIF(F85:AJ85,"E") -> 15 | AL85: =+COUNTIF(F85:AJ85,"R")+COUNTIF(F85:AJ85,"T")+COUNTIF(F85:AJ85,"İ") -> 0 | AM85: =+COUNTIF(F85:AJ85,"İ") -> 0 | AN85: 45985
A86: TR970006701000000033718656 | B86: 81 | C86: 10200136744 | D86: HAMZA | E86: FİDAN | J86: X | K86: X | L86: X | Q86: X | R86: X | S86: X | X86: X | Y86: X | Z86: X | AE86: X | AF86: X | AG86: X | AK86: =+COUNTIF(F86:AJ86,"X")+COUNTIF(F86:AJ86,"E") -> 12 | AL86: =+COUNTIF(F86:AJ86,"R")+COUNTIF(F86:AJ86,"T")+COUNTIF(F86:AJ86,"İ") -> 0 | AM86: =+COUNTIF(F86:AJ86,"İ") -> 0 | AN86: 45985
A87: TR710006200087500006886336 | B87: 82 | C87: 10997539452 | D87: HASAN | E87: KÖKSAL | H87: X | K87: X | L87: X | O87: X | R87: X | S87: X | V87: X | Y87: X | Z87: X | AC87: X | AF87: X | AG87: X | AJ87: X | AK87: =+COUNTIF(F87:AJ87,"X")+COUNTIF(F87:AJ87,"E") -> 13 | AL87: =+COUNTIF(F87:AJ87,"R")+COUNTIF(F87:AJ87,"T")+COUNTIF(F87:AJ87,"İ") -> 0 | AM87: =+COUNTIF(F87:AJ87,"İ") -> 0 | AN87: 45985
A88: TR210001009010313958505002 | B88: 83 | C88: 10538293270 | D88: HATİCE MELİSA | E88: YÜKSEK | H88: X | I88: X | J88: X | O88: X | P88: X | Q88: X | V88: X | W88: X | X88: X | AC88: X | AD88: X | AE88: X | AK88: =+COUNTIF(F88:AJ88,"X")+COUNTIF(F88:AJ88,"E") -> 12 | AL88: =+COUNTIF(F88:AJ88,"R")+COUNTIF(F88:AJ88,"T")+COUNTIF(F88:AJ88,"İ") -> 0 | AM88: =+COUNTIF(F88:AJ88,"İ") -> 0 | AN88: 45985
A89: TR100001000447799255645001 | B89: 84 | C89: 32380614546 | D89: HATİCE | E89: SARI | H89: X | M89: X | N89: X | O89: İ | T89: X | U89: X | V89: X | AA89: X | AB89: X | AC89: X | AH89: X | AI89: X | AJ89: X | AK89: =+COUNTIF(F89:AJ89,"X")+COUNTIF(F89:AJ89,"E") -> 12 | AL89: =+COUNTIF(F89:AJ89,"R")+COUNTIF(F89:AJ89,"T")+COUNTIF(F89:AJ89,"İ") -> 1 | AM89: =+COUNTIF(F89:AJ89,"İ") -> 1 | AN89: 45985
A90: TR320006701000000057778154 | B90: 85 | C90: 22130159632 | D90: HAZAL | E90: TAŞDEMİR | H90: X | I90: X | J90: X | O90: X | P90: X | Q90: X | V90: X | W90: X | X90: X | AC90: X | AD90: X | AE90: X | AJ90: İ | AK90: =+COUNTIF(F90:AJ90,"X")+COUNTIF(F90:AJ90,"E") -> 12 | AL90: =+COUNTIF(F90:AJ90,"R")+COUNTIF(F90:AJ90,"T")+COUNTIF(F90:AJ90,"İ") -> 1 | AM90: =+COUNTIF(F90:AJ90,"İ") -> 1 | AN90: 45985
A91: TR590003200000000105798117 | B91: 86 | C91: 10087841144 | D91: HAZAL | E91: ULUDOĞAN | I91: X | J91: X | P91: X | Q91: X | W91: X | X91: X | AD91: X | AE91: X | AK91: =+COUNTIF(F91:AJ91,"X")+COUNTIF(F91:AJ91,"E") -> 8 | AL91: =+COUNTIF(F91:AJ91,"R")+COUNTIF(F91:AJ91,"T")+COUNTIF(F91:AJ91,"İ") -> 0 | AM91: =+COUNTIF(F91:AJ91,"İ") -> 0 | AN91: 45985
A92: TR370001000045839124175002 | B92: 87 | C92: 19592207926 | D92: HELİN | E92: ARSLAN | J92: X | K92: X | L92: X | Q92: X | R92: X | S92: X | X92: X | Y92: X | Z92: X | AE92: X | AF92: X | AG92: X | AK92: =+COUNTIF(F92:AJ92,"X")+COUNTIF(F92:AJ92,"E") -> 12 | AL92: =+COUNTIF(F92:AJ92,"R")+COUNTIF(F92:AJ92,"T")+COUNTIF(F92:AJ92,"İ") -> 0 | AM92: =+COUNTIF(F92:AJ92,"İ") -> 0 | AN92: 45985
A93: TR380006400000143890345392 | B93: 88 | C93: 12742219862 | D93: HİLAL | E93: AYDIN | F93: X | G93: X | H93: X | M93: X | N93: X | O93: X | T93: X | U93: X | V93: X | AA93: X | AB93: X | AC93: X | AH93: X | AI93: X | AJ93: X | AK93: =+COUNTIF(F93:AJ93,"X")+COUNTIF(F93:AJ93,"E") -> 15 | AL93: =+COUNTIF(F93:AJ93,"R")+COUNTIF(F93:AJ93,"T")+COUNTIF(F93:AJ93,"İ") -> 0 | AM93: =+COUNTIF(F93:AJ93,"İ") -> 0 | AN93: 45985
A94: TR130006400000162100962203 | B94: 89 | C94: 16492488158 | D94: HİLAL BEHİYE | E94: YILMAZ | G94: X | H94: X | L94: X | N94: X | O94: X | S94: X | U94: X | V94: X | Z94: İ | AB94: X | AC94: X | AG94: X | AI94: X | AJ94: X | AK94: =+COUNTIF(F94:AJ94,"X")+COUNTIF(F94:AJ94,"E") -> 13 | AL94: =+COUNTIF(F94:AJ94,"R")+COUNTIF(F94:AJ94,"T")+COUNTIF(F94:AJ94,"İ") -> 1 | AM94: =+COUNTIF(F94:AJ94,"İ") -> 1 | AN94: 45985
A95: TR800001009010736881205002 | B95: 90 | C95: 11895077008 | D95: İLAYDA | E95: MAY | J95: İ | K95: İ | L95: İ | Q95: X | R95: X | S95: X | X95: X | Y95: X | Z95: X | AE95: X | AF95: X | AG95: X | AK95: =+COUNTIF(F95:AJ95,"X")+COUNTIF(F95:AJ95,"E") -> 9 | AL95: =+COUNTIF(F95:AJ95,"R")+COUNTIF(F95:AJ95,"T")+COUNTIF(F95:AJ95,"İ") -> 3 | AM95: =+COUNTIF(F95:AJ95,"İ") -> 3 | AN95: 45985
A96: TR110001500158007333870305 | B96: 91 | C96: 15268800910 | D96: İLKER | E96: YILMAZ | G96: X | N96: X | U96: X | AB96: X | AI96: X | AK96: =+COUNTIF(F96:AJ96,"X")+COUNTIF(F96:AJ96,"E") -> 5 | AL96: =+COUNTIF(F96:AJ96,"R")+COUNTIF(F96:AJ96,"T")+COUNTIF(F96:AJ96,"İ") -> 0 | AM96: =+COUNTIF(F96:AJ96,"İ") -> 0 | AN96: 45985
A97: TR140001009010678015705001 | B97: 92 | C97: 10293044216 | D97: İLKNUR | E97: KILIÇ | P97: X | W97: X | AD97: X | AK97: =+COUNTIF(F97:AJ97,"X")+COUNTIF(F97:AJ97,"E") -> 3 | AL97: =+COUNTIF(F97:AJ97,"R")+COUNTIF(F97:AJ97,"T")+COUNTIF(F97:AJ97,"İ") -> 0 | AM97: =+COUNTIF(F97:AJ97,"İ") -> 0 | AN97: 45985
A98: TR260001009010548541805001 | B98: 93 | C98: 26759027716 | D98: İMAMUESEN | E98: ARTIŞ | G98: X | I98: X | J98: X | M98: X | N98: X | Q98: X | T98: X | U98: X | X98: X | AA98: X | AB98: X | AE98: X | AH98: X | AI98: X | AK98: =+COUNTIF(F98:AJ98,"X")+COUNTIF(F98:AJ98,"E") -> 14 | AL98: =+COUNTIF(F98:AJ98,"R")+COUNTIF(F98:AJ98,"T")+COUNTIF(F98:AJ98,"İ") -> 0 | AM98: =+COUNTIF(F98:AJ98,"İ") -> 0 | AN98: 45985
A99: TR410001200929100001060549 | B99: 94 | C99: 53959062896 | D99: İPEK | E99: CİHANTİMUR | G99: X | I99: X | J99: X | N99: X | P99: X | Q99: X | U99: X | W99: X | X99: X | AB99: X | AD99: X | AE99: X | AI99: X | AJ99: X | AK99: =+COUNTIF(F99:AJ99,"X")+COUNTIF(F99:AJ99,"E") -> 14 | AL99: =+COUNTIF(F99:AJ99,"R")+COUNTIF(F99:AJ99,"T")+COUNTIF(F99:AJ99,"İ") -> 0 | AM99: =+COUNTIF(F99:AJ99,"İ") -> 0 | AN99: 45985
A100: TR870020500009930087800001 | B100: 95 | C100: 11042896742 | D100: İSLAM SADRETTİN | E100: ÖZDOĞAN | G100: X | H100: X | I100: X | N100: X | O100: X | P100: X | U100: X | V100: X | W100: X | AB100: X | AC100: X | AD100: X | AI100: X | AJ100: X | AK100: =+COUNTIF(F100:AJ100,"X")+COUNTIF(F100:AJ100,"E") -> 14 | AL100: =+COUNTIF(F100:AJ100,"R")+COUNTIF(F100:AJ100,"T")+COUNTIF(F100:AJ100,"İ") -> 0 | AM100: =+COUNTIF(F100:AJ100,"İ") -> 0 | AN100: 45985
...

Sheet BORDRO
A2: BURSA ULUDAĞ ÜNİVERSİTESİ GENEL SEKRETERLİK ÖZEL KALEM 13376 PORTAL NOLU KAMPÜS 1 İŞKUR GENÇLİK PROGRAMI ÖDEME BORDROSU | Q2: Dönemi : 01.12.2025- 31.12.2025
A3: S.N. | B3: T.C. KİMLİK NUMARASI | C3: ADI | D3: SOYADI | E3: GÖREV YERİ | F3: AYLIK TOPLAM ÇALIŞILAN GÜN SAYISI | G3: İŞKUR GENÇLİK PROG CEP HARÇLIĞI TUTARI | H3: Sosyal Güvenlik Primi Devlet Ödemesi (%5,5) | I3: Tahakkuk Toplamı | J3: KESİNTİLER | T3: Ödenmesi Gereken Net Tutar
J4: GELİR VERGİSİ İSTİSNA UYGULAMA | N4: DAMGA VERGİSİ İSTİSNA UYGULAMA | Q4: Genel Sağ.Sig.Prm Dev.%4,5 + Kısa Vad.Sig.K Dev.%1 Toplam= %5,5 | R4: İcra Kesintisi | S4: Toplam Kesinti (SGK kesintisi ve Varsa Diğer)
J5: Gelir Vergisi Matrahı | K5: Hesaplanan Gelir Vergisi | L5: GV İstisna Tutarı | M5: Gelir Vergisi Kesintisi | N5: Hesaplanan Damga Vergisi | O5: DV İstisna Tutarı | P5: Damga Vergisi Kesintisi
A6: =+'Banka Lis.'!B5 -> 1 | B6: =+Puantaj!C6 -> 22985652920 | C6: =+Puantaj!D6 -> ABDURRAHMAN CENGİZ | D6: =+Puantaj!E6 -> AYDOĞDU | E6: =+'Banka Lis.'!H5 -> Bursa UludağÜniversitesi Üniveristesi Genel Sekreterlik Özel Kalem | F6: =+Puantaj!AK6 -> 13 | G6: =F6*1083 -> 14079 | H6: =G6*0.055 -> 774.345 | I6: =G6+H6 -> 14853.345 | J6: =+G6 -> 14079 | K6: =J6*0.15 -> 2111.85 | L6: =IF(J6*0.15>K6,K6,J6*0.15) -> 2111.85 | M6: =IF(K6-L6>0,K6-L6,0) -> 0 | N6: =G6*0.00759 -> 106.85961 | O6: =IF(G6*0.00759>G6,197.38,G6*0.00759) -> 106.85961 | P6: =IF(N6-O6>0,N6-O6,0) -> 0 | Q6: =+H6 -> 774.345 | R6: 0 | S6: =R6+Q6 -> 774.345 | T6: =I6-S6 -> 14079
A7: =+'Banka Lis.'!B6 -> 2 | B7: =+Puantaj!C7 -> 10264855810 | C7: =+Puantaj!D7 -> AHMET EMİRHAN | D7: =+Puantaj!E7 -> ELDEMİR | E7: =+'Banka Lis.'!H6 -> Bursa UludağÜniversitesi Üniveristesi Genel Sekreterlik Özel Kalem | F7: =+Puantaj!AK7 -> 6 | G7: =F7*1083 -> 6498 | H7: =G7*0.055 -> 357.39 | I7: =G7+H7 -> 6855.39 | J7: =+G7 -> 6498 | K7: =J7*0.15 -> 974.7 | L7: =IF(J7*0.15>K7,K7,J7*0.15) -> 974.7 | M7: =IF(K7-L7>0,K7-L7,0) -> 0 | N7: =G7*0.00759 -> 49.31982 | O7: =IF(G7*0.00759>G7,197.38,G7*0.00759) -> 49.31982 | P7: =IF(N7-O7>0,N7-O7,0) -> 0 | Q7: =+H7 -> 357.39 | R7: 0 | S7: =R7+Q7 -> 357.39 | T7: =I7-S7 -> 6498
A8: =+'Banka Lis.'!B7 -> 3 | B8: =+Puantaj!C8 -> 11230293988 | C8: =+Puantaj!D8 -> AHMET SAMED | D8: =+Puantaj!E8 -> KARABULUT | E8: =+'Banka Lis.'!H7 -> Bursa UludağÜniversitesi Üniveristesi Genel Sekreterlik Özel Kalem | F8: =+Puantaj!AK8 -> 14 | G8: =F8*1083 -> 15162 | H8: =G8*0.055 -> 833.91 | I8: =G8+H8 -> 15995.91 | J8: =+G8 -> 15162 | K8: =J8*0.15 -> 2274.3 | L8: =IF(J8*0.15>K8,K8,J8*0.15) -> 2274.3 | M8: =IF(K8-L8>0,K8-L8,0) -> 0 | N8: =G8*0.00759 -> 115.07958 | O8: =IF(G8*0.00759>G8,197.38,G8*0.00759) -> 115.07958 | P8: =IF(N8-O8>0,N8-O8,0) -> 0 | Q8: =+H8 -> 833.91 | R8: 0 | S8: =R8+Q8 -> 833.91 | T8: =I8-S8 -> 15162
A9: =+'Banka Lis.'!B8 -> 4 | B9: =+Puantaj!C9 -> 10271762804 | C9: =+Puantaj!D9 -> AHMET | D9: =+Puantaj!E9 -> ŞEN | E9: =+'Banka Lis.'!H8 -> Bursa UludağÜniversitesi Üniveristesi Genel Sekreterlik Özel Kalem | F9: =+Puantaj!AK9 -> 13 | G9: =F9*1083 -> 14079 | H9: =G9*0.055 -> 774.345 | I9: =G9+H9 -> 14853.345 | J9: =+G9 -> 14079 | K9: =J9*0.15 -> 2111.85 | L9: =IF(J9*0.15>K9,K9,J9*0.15) -> 2111.85 | M9: =IF(K9-L9>0,K9-L9,0) -> 0 | N9: =G9*0.00759 -> 106.85961 | O9: =IF(G9*0.00759>G9,197.38,G9*0.00759) -> 106.85961 | P9: =IF(N9-O9>0,N9-O9,0) -> 0 | Q9: =+H9 -> 774.345 | R9: 0 | S9: =R9+Q9 -> 774.345 | T9: =I9-S9 -> 14079
A10: =+'Banka Lis.'!B9 -> 5 | B10: =+Puantaj!C10 -> 10067475932 | C10: =+Puantaj!D10 -> AHMET YASİN | D10: =+Puantaj!E10 -> KURT | E10: =+'Banka Lis.'!H9 -> Bursa UludağÜniversitesi Üniveristesi Genel Sekreterlik Özel Kalem | F10: =+Puantaj!AK10 -> 14 | G10: =F10*1083 -> 15162 | H10: =G10*0.055 -> 833.91 | I10: =G10+H10 -> 15995.91 | J10: =+G10 -> 15162 | K10: =J10*0.15 -> 2274.3 | L10: =IF(J10*0.15>K10,K10,J10*0.15) -> 2274.3 | M10: =IF(K10-L10>0,K10-L10,0) -> 0 | N10: =G10*0.00759 -> 115.07958 | O10: =IF(G10*0.00759>G10,197.38,G10*0.00759) -> 115.07958 | P10: =IF(N10-O10>0,N10-O10,0) -> 0 | Q10: =+H10 -> 833.91 | R10: 0 | S10: =R10+Q10 -> 833.91 | T10: =I10-S10 -> 15162
A11: =+'Banka Lis.'!B10 -> 6 | B11: =+Puantaj!C11 -> 13333175444 | C11: =+Puantaj!D11 -> AKİF YAVUZ | D11: =+Puantaj!E11 -> ZENGİN | E11: =+'Banka Lis.'!H10 -> Bursa UludağÜniversitesi Üniveristesi Genel Sekreterlik Özel Kalem | F11: =+Puantaj!AK11 -> 4 | G11: =F11*1083 -> 4332 | H11: =G11*0.055 -> 238.26 | I11: =G11+H11 -> 4570.26 | J11: =+G11 -> 4332 | K11: =J11*0.15 -> 649.8 | L11: =IF(J11*0.15>K11,K11,J11*0.15) -> 649.8 | M11: =IF(K11-L11>0,K11-L11,0) -> 0 | N11: =G11*0.00759 -> 32.87988 | O11: =IF(G11*0.00759>G11,197.38,G11*0.00759) -> 32.87988 | P11: =IF(N11-O11>0,N11-O11,0) -> 0 | Q11: =+H11 -> 238.26 | R11: 0 | S11: =R11+Q11 -> 238.26 | T11: =I11-S11 -> 4332
A12: =+'Banka Lis.'!B11 -> 7 | B12: =+Puantaj!C12 -> 34411910856 | C12: =+Puantaj!D12 -> ALEYNA | D12: =+Puantaj!E12 -> ÇAKAR | E12: =+'Banka Lis.'!H11 -> Bursa UludağÜniversitesi Üniveristesi Genel Sekreterlik Özel Kalem | F12: =+Puantaj!AK12 -> 0 | G12: =F12*1083 -> 0 | H12: =G12*0.055 -> 0 | I12: =G12+H12 -> 0 | J12: =+G12 -> 0 | K12: =J12*0.15 -> 0 | L12: =IF(J12*0.15>K12,K12,J12*0.15) -> 0 | M12: =IF(K12-L12>0,K12-L12,0) -> 0 | N12: =G12*0.00759 -> 0 | O12: =IF(G12*0.00759>G12,197.38,G12*0.00759) -> 0 | P12: =IF(N12-O12>0,N12-O12,0) -> 0 | Q12: =+H12 -> 0 | R12: 0 | S12: =R12+Q12 -> 0 | T12: =I12-S12 -> 0
A13: =+'Banka Lis.'!B12 -> 8 | B13: =+Puantaj!C13 -> 11069535280 | C13: =+Puantaj!D13 -> ALİGAFFAR | D13: =+Puantaj!E13 -> AYDIN | E13: =+'Banka Lis.'!H12 -> Bursa UludağÜniversitesi Üniveristesi Genel Sekreterlik Özel Kalem | F13: =+Puantaj!AK13 -> 12 | G13: =F13*1083 -> 12996 | H13: =G13*0.055 -> 714.78 | I13: =G13+H13 -> 13710.78 | J13: =+G13 -> 12996 | K13: =J13*0.15 -> 1949.4 | L13: =IF(J13*0.15>K13,K13,J13*0.15) -> 1949.4 | M13: =IF(K13-L13>0,K13-L13,0) -> 0 | N13: =G13*0.00759 -> 98.63964 | O13: =IF(G13*0.00759>G13,197.38,G13*0.00759) -> 98.63964 | P13: =IF(N13-O13>0,N13-O13,0) -> 0 | Q13: =+H13 -> 714.78 | R13: 0 | S13: =R13+Q13 -> 714.78 | T13: =I13-S13 -> 12996
A14: =+'Banka Lis.'!B13 -> 9 | B14: =+Puantaj!C14 -> 10420954296 | C14: =+Puantaj!D14 -> ARİF | D14: =+Puantaj!E14 -> TURAN | E14: =+'Banka Lis.'!H13 -> Bursa UludağÜniversitesi Üniveristesi Genel Sekreterlik Özel Kalem | F14: =+Puantaj!AK14 -> 14 | G14: =F14*1083 -> 15162 | H14: =G14*0.055 -> 833.91 | I14: =G14+H14 -> 15995.91 | J14: =+G14 -> 15162 | K14: =J14*0.15 -> 2274.3 | L14: =IF(J14*0.15>K14,K14,J14*0.15) -> 2274.3 | M14: =IF(K14-L14>0,K14-L14,0) -> 0 | N14: =G14*0.00759 -> 115.07958 | O14: =IF(G14*0.00759>G14,197.38,G14*0.00759) -> 115.07958 | P14: =IF(N14-O14>0,N14-O14,0) -> 0 | Q14: =+H14 -> 833.91 | R14: 0 | S14: =R14+Q14 -> 833.91 | T14: =I14-S14 -> 15162
A15: =+'Banka Lis.'!B14 -> 10 | B15: =+Puantaj!C15 -> 11039638348 | C15: =+Puantaj!D15 -> ASLAN ERAY | D15: =+Puantaj!E15 -> KARAVAŞ | E15: =+'Banka Lis.'!H14 -> Bursa UludağÜniversitesi Üniveristesi Genel Sekreterlik Özel Kalem | F15: =+Puantaj!AK15 -> 15 | G15: =F15*1083 -> 16245 | H15: =G15*0.055 -> 893.475 | I15: =G15+H15 -> 17138.475 | J15: =+G15 -> 16245 | K15: =J15*0.15 -> 2436.75 | L15: =IF(J15*0.15>K15,K15,J15*0.15) -> 2436.75 | M15: =IF(K15-L15>0,K15-L15,0) -> 0 | N15: =G15*0.00759 -> 123.29955 | O15: =IF(G15*0.00759>G15,197.38,G15*0.00759) -> 123.29955 | P15: =IF(N15-O15>0,N15-O15,0) -> 0 | Q15: =+H15 -> 893.475 | R15: 0 | S15: =R15+Q15 -> 893.475 | T15: =I15-S15 -> 16245
A16: =+'Banka Lis.'!B15 -> 11 | B16: =+Puantaj!C16 -> 18397728780 | C16: =+Puantaj!D16 -> ASLI | D16: =+Puantaj!E16 -> BEKTAŞ | E16: =+'Banka Lis.'!H15 -> Bursa UludağÜniversitesi Üniveristesi Genel Sekreterlik Özel Kalem | F16: =+Puantaj!AK16 -> 5 | G16: =F16*1083 -> 5415 | H16: =G16*0.055 -> 297.825 | I16: =G16+H16 -> 5712.825 | J16: =+G16 -> 5415 | K16: =J16*0.15 -> 812.25 | L16: =IF(J16*0.15>K16,K16,J16*0.15) -> 812.25 | M16: =IF(K16-L16>0,K16-L16,0) -> 0 | N16: =G16*0.00759 -> 41.09985 | O16: =IF(G16*0.00759>G16,197.38,G16*0.00759) -> 41.09985 | P16: =IF(N16-O16>0,N16-O16,0) -> 0 | Q16: =+H16 -> 297.825 | R16: 0 | S16: =R16+Q16 -> 297.825 | T16: =I16-S16 -> 5415
A17: =+'Banka Lis.'!B16 -> 12 | B17: =+Puantaj!C17 -> 31885265086 | C17: =+Puantaj!D17 -> AYBERK | D17: =+Puantaj!E17 -> EREN | E17: =+'Banka Lis.'!H16 -> Bursa UludağÜniversitesi Üniveristesi Genel Sekreterlik Özel Kalem | F17: =+Puantaj!AK17 -> 12 | G17: =F17*1083 -> 12996 | H17: =G17*0.055 -> 714.78 | I17: =G17+H17 -> 13710.78 | J17: =+G17 -> 12996 | K17: =J17*0.15 -> 1949.4 | L17: =IF(J17*0.15>K17,K17,J17*0.15) -> 1949.4 | M17: =IF(K17-L17>0,K17-L17,0) -> 0 | N17: =G17*0.00759 -> 98.63964 | O17: =IF(G17*0.00759>G17,197.38,G17*0.00759) -> 98.63964 | P17: =IF(N17-O17>0,N17-O17,0) -> 0 | Q17: =+H17 -> 714.78 | R17: 0 | S17: =R17+Q17 -> 714.78 | T17: =I17-S17 -> 12996
... A193: =+'Banka Lis.'!B192 -> 188 | B193: =+Puantaj!C193 -> 10276740210 | C193: =+Puantaj!D193 -> ZEYNEP | D193: =+Puantaj!E193 -> DEMİRAYAK | E193: =+'Banka Lis.'!H192 -> Bursa UludağÜniversitesi Üniveristesi Genel Sekreterlik Özel Kalem | F193: =+Puantaj!AK193 -> 12 | G193: =F193*1083 -> 12996 | H193: =G193*0.055 -> 714.78 | I193: =G193+H193 -> 13710.78 | J193: =+G193 -> 12996 | K193: =J193*0.15 -> 1949.4 | L193: =IF(J193*0.15>K193,K193,J193*0.15) -> 1949.4 | M193: =IF(K193-L193>0,K193-L193,0) -> 0 | N193: =G193*0.00759 -> 98.63964 | O193: =IF(G193*0.00759>G193,197.38,G193*0.00759) -> 98.63964 | P193: =IF(N193-O193>0,N193-O193,0) -> 0 | Q193: =+H193 -> 714.78 | R193: 0 | S193: =R193+Q193 -> 714.78 | T193: =I193-S193 -> 12996
A194: =+'Banka Lis.'!B193 -> 189 | B194: =+Puantaj!C194 -> 48730397168 | C194: =+Puantaj!D194 -> MAHMUT | D194: =+Puantaj!E194 -> ÖZGAN | E194: =+'Banka Lis.'!H194 -> 0 | F194: =+Puantaj!AK194 -> 3 | G194: =F194*1083 -> 3249 | H194: =G194*0.055 -> 178.695 | I194: =G194+H194 -> 3427.695 | J194: =+G194 -> 3249 | K194: =J194*0.15 -> 487.35 | L194: =IF(J194*0.15>K194,K194,J194*0.15) -> 487.35 | M194: =IF(K194-L194>0,K194-L194,0) -> 0 | N194: =G194*0.00759 -> 24.65991 | O194: =IF(G194*0.00759>G194,197.38,G194*0.00759) -> 24.65991 | P194: =IF(N194-O194>0,N194-O194,0) -> 0 | Q194: =+H194 -> 178.695 | R194: 0 | S194: =R194+Q194 -> 178.695 | T194: =I194-S194 -> 3249
A195: GENEL TOPLAM | F195: =SUM(F6:F194) -> 2240 | G195: =SUM(G6:G194) -> 2425920 | H195: =SUM(H6:H194) -> 133425.6 | I195: =SUM(I6:I194) -> 2559345.6 | J195: =SUM(J6:J194) -> 2425920 | L195: =SUM(L6:L194) -> 363888 | M195: =SUM(M6:M194) -> 0 | P195: =SUM(P6:P194) -> 0 | Q195: =SUM(Q6:Q194) -> 133425.6 | R195: =SUM(R6:R194) -> 0 | S195: =SUM(S6:S194) -> 133425.6 | T195: =SUM(T6:T194) -> 2425920
C200: Tansu KARAKÖK | I200: Tekin ÇİMEN | P200: Mehmet AYDEMİR
C201: Şef | I201: Şube Müdürü | P201: Genel Sekreter

Sheet Banka Lis.
B1: BURSA ULUDAĞ ÜNİVERİSTESİ İŞKUR GENÇLİK PROGRAMI 13376 PORTAL NOLU KAMPÜS 1 BANKA LİSTESİ
B2: Şube Kodu | F2: Dönemi: | G2: 45992 | H2: 31.12.2025
B3: Banka Adı | E3: HALKBANK
B4: S. N. | C4: IBAN Numarası | D4: TUTAR | E4: Adı | F4: Soyadı | G4: T.C. KİMLİK NUMARASI | H4: AÇIKLAMA
B5: 1 | C5: =+Puantaj!A6 -> TR290001002151713143585001 | D5: =+BORDRO!T6 -> 14079 | E5: =+Puantaj!D6 -> ABDURRAHMAN CENGİZ | F5: =+Puantaj!E6 -> AYDOĞDU | G5: =+Puantaj!C6 -> 22985652920 | H5: Bursa UludağÜniversitesi Üniveristesi Genel Sekreterlik Özel Kalem
B6: 2 | C6: =+Puantaj!A7 -> TR270020500009943979400001 | D6: =+BORDRO!T7 -> 6498 | E6: =+Puantaj!D7 -> AHMET EMİRHAN | F6: =+Puantaj!E7 -> ELDEMİR | G6: =+Puantaj!C7 -> 10264855810 | H6: Bursa UludağÜniversitesi Üniveristesi Genel Sekreterlik Özel Kalem
B7: 3 | C7: =+Puantaj!A8 -> TR370001009010555427505003 | D7: =+BORDRO!T8 -> 15162 | E7: =+Puantaj!D8 -> AHMET SAMED | F7: =+Puantaj!E8 -> KARABULUT | G7: =+Puantaj!C8 -> 11230293988 | H7: Bursa UludağÜniversitesi Üniveristesi Genel Sekreterlik Özel Kalem
B8: 4 | C8: =+Puantaj!A9 -> TR550006701000000037357882 | D8: =+BORDRO!T9 -> 14079 | E8: =+Puantaj!D9 -> AHMET | F8: =+Puantaj!E9 -> ŞEN | G8: =+Puantaj!C9 -> 10271762804 | H8: Bursa UludağÜniversitesi Üniveristesi Genel Sekreterlik Özel Kalem
B9: 5 | C9: =+Puantaj!A10 -> TR040001009010348991905001 | D9: =+BORDRO!T10 -> 15162 | E9: =+Puantaj!D10 -> AHMET YASİN | F9: =+Puantaj!E10 -> KURT | G9: =+Puantaj!C10 -> 10067475932 | H9: Bursa UludağÜniversitesi Üniveristesi Genel Sekreterlik Özel Kalem
B10: 6 | C10: =+Puantaj!A11 -> TR070001009010961041905002 | D10: =+BORDRO!T11 -> 4332 | E10: =+Puantaj!D11 -> AKİF YAVUZ | F10: =+Puantaj!E11 -> ZENGİN | G10: =+Puantaj!C11 -> 13333175444 | H10: Bursa UludağÜniversitesi Üniveristesi Genel Sekreterlik Özel Kalem
B11: 7 | C11: =+Puantaj!A12 -> TR250001009010259614605003 | D11: =+BORDRO!T12 -> 0 | E11: =+Puantaj!D12 -> ALEYNA | F11: =+Puantaj!E12 -> ÇAKAR | G11: =+Puantaj!C12 -> 34411910856 | H11: Bursa UludağÜniversitesi Üniveristesi Genel Sekreterlik Özel Kalem
B12: 8 | C12: =+Puantaj!A13 -> TR580001009010556440305002 | D12: =+BORDRO!T13 -> 12996 | E12: =+Puantaj!D13 -> ALİGAFFAR | F12: =+Puantaj!E13 -> AYDIN | G12: =+Puantaj!C13 -> 11069535280 | H12: Bursa UludağÜniversitesi Üniveristesi Genel Sekreterlik Özel Kalem
B13: 9 | C13: =+Puantaj!A14 -> TR960001200122900001249734 | D13: =+BORDRO!T14 -> 15162 | E13: =+Puantaj!D14 -> ARİF | F13: =+Puantaj!E14 -> TURAN | G13: =+Puantaj!C14 -> 10420954296 | H13: Bursa UludağÜniversitesi Üniveristesi Genel Sekreterlik Özel Kalem
B14: 10 | C14: =+Puantaj!A15 -> TR530004600007888000653780 | D14: =+BORDRO!T15 -> 16245 | E14: =+Puantaj!D15 -> ASLAN ERAY | F14: =+Puantaj!E15 -> KARAVAŞ | G14: =+Puantaj!C15 -> 11039638348 | H14: Bursa UludağÜniversitesi Üniveristesi Genel Sekreterlik Özel Kalem
B15: 11 | C15: =+Puantaj!A16 -> TR070001009010550885705001 | D15: =+BORDRO!T16 -> 5415 | E15: =+Puantaj!D16 -> ASLI | F15: =+Puantaj!E16 -> BEKTAŞ | G15: =+Puantaj!C16 -> 18397728780 | H15: Bursa UludağÜniversitesi Üniveristesi Genel Sekreterlik Özel Kalem
B16: 12 | C16: =+Puantaj!A17 -> TR080001001914961839085005 | D16: =+BORDRO!T17 -> 12996 | E16: =+Puantaj!D17 -> AYBERK | F16: =+Puantaj!E17 -> EREN | G16: =+Puantaj!C17 -> 31885265086 | H16: Bursa UludağÜniversitesi Üniveristesi Genel Sekreterlik Özel Kalem
... B193: 189 | C193: =+Puantaj!A194 -> TR340001004002828302515004 | D193: =+BORDRO!T194 -> 3249 | E193: =+Puantaj!D194 -> MAHMUT | F193: =+Puantaj!E194 -> ÖZGAN | G193: =+Puantaj!C194 -> 48730397168 | H193: Bursa UludağÜniversitesi Üniveristesi Genel Sekreterlik Özel Kalem
B194: TOPLAM | D194: =SUM(D5:D193) -> 2425920
C196: Hazırlayan
C198: Tansu KARAKÖK | E198: Tekin ÇİMEN | H198: Mehmet AYDEMİR
C199: Şef | E199: Şube Müdürü | H199: Genel Sekreter

Sheet MUH SGK RAPORU
A1: Belgenin Mahiyeti (Asıl/Ek/İptal) | B1: Belge Türü | C1: Düzenlemeye Esas Kanun No | D1: Yeni Ünite Kodu | E1: Eski Ünite Kodu | F1: İşyeri Sıra Numarası | G1: İl Kodu | H1: Ait İşveren Numarası | I1: SSK Sicil | J1: SG NO (TC Kimlik No) | K1: Adı | L1: Soyadı | M1: Prim Ödeme Günü | N1: Uzaktan Çalışma Gün | O1: Hak Edilen Ücret | P1: Prim,İkramiye ve Bu Nitelikteki İstihkak | Q1: İşe Giriş Gün | R1: İşe Giriş Ay | S1: İşten Çıkış Gün | T1: İşten Çıkış Ay | U1: İşten Çıkış Nedeni | V1: Eksik Gün Sayısı | W1: Eksik Gün Nedeni | X1: Meslek Kodu | Y1: İstirahat Süresinde Çalışmamıştır (E/H) | Z1: Tahakkuk Nedeni | AA1: Hizmet Dönem Ay | AB1: Hizmet Dönem Yıl | AC1: Gelir Vergisinden Muaf mı? | AD1: İlgili Döneme Ait Gelir Vergisi Matrahı | AE1: Gelir Vergisi Engellilik Oranı | AF1: Hesaplanan Gelir Vergisi | AG1: Asgari Ücret İstisna Gelir Vergisi Tutarı | AH1: Gelir Vergisi Kesintisi | AI1: Asgari Ücret İstisna Damga Vergisi Tutarı | AJ1: Damga Vergisi Kesintisi
A2: A | B2: 46 | C2: 00000 | D2: 01 | E2: 01 | F2: 1494768 | G2: 016 | H2: 000 | J2: =+Puantaj!C6 -> 22985652920 | K2: =+Puantaj!D6 -> ABDURRAHMAN CENGİZ | L2: =+Puantaj!E6 -> AYDOĞDU | M2: =+BORDRO!F6 -> 13 | O2: =+BORDRO!G6 -> 14079 | P2: 0 | V2: =31-M2-Q2 -> 18 | W2: 6 | X2: 9901.04 | Y2: 2 | Z2: A | AA2: 11 | AB2: 2025 | AC2: Hayır | AD2: =+BORDRO!J6 -> 14079 | AF2: =+BORDRO!K6 -> 2111.85 | AG2: =+BORDRO!L6 -> 2111.85 | AH2: =+BORDRO!M6 -> 0 | AI2: =+BORDRO!O6 -> 106.85961 | AJ2: =+BORDRO!P6 -> 0
A3: A | B3: 46 | C3: 00000 | D3: 01 | E3: 01 | F3: 1494768 | G3: 016 | H3: 000 | J3: =+Puantaj!C7 -> 10264855810 | K3: =+Puantaj!D7 -> AHMET EMİRHAN | L3: =+Puantaj!E7 -> ELDEMİR | M3: =+BORDRO!F7 -> 6 | O3: =+BORDRO!G7 -> 6498 | P3: 0 | V3: =31-M3-Q3 -> 25 | W3: 6 | X3: 9901.04 | Y3: 2 | Z3: A | AA3: 11 | AB3: 2025 | AC3: Hayır | AD3: =+BORDRO!J7 -> 6498 | AF3: =+BORDRO!K7 -> 974.7 | AG3: =+BORDRO!L7 -> 974.7 | AH3: =+BORDRO!M7 -> 0 | AI3: =+BORDRO!O7 -> 49.31982 | AJ3: =+BORDRO!P7 -> 0
A4: A | B4: 46 | C4: 00000 | D4: 01 | E4: 01 | F4: 1494768 | G4: 016 | H4: 000 | J4: =+Puantaj!C8 -> 11230293988 | K4: =+Puantaj!D8 -> AHMET SAMED | L4: =+Puantaj!E8 -> KARABULUT | M4: =+BORDRO!F8 -> 14 | O4: =+BORDRO!G8 -> 15162 | P4: 0 | V4: =31-M4-Q4 -> 17 | W4: 6 | X4: 9901.04 | Y4: 2 | Z4: A | AA4: 11 | AB4: 2025 | AC4: Hayır | AD4: =+BORDRO!J8 -> 15162 | AF4: =+BORDRO!K8 -> 2274.3 | AG4: =+BORDRO!L8 -> 2274.3 | AH4: =+BORDRO!M8 -> 0 | AI4: =+BORDRO!O8 -> 115.07958 | AJ4: =+BORDRO!P8 -> 0
A5: A | B5: 46 | C5: 00000 | D5: 01 | E5: 01 | F5: 1494768 | G5: 016 | H5: 000 | J5: =+Puantaj!C9 -> 10271762804 | K5: =+Puantaj!D9 -> AHMET | L5: =+Puantaj!E9 -> ŞEN | M5: =+BORDRO!F9 -> 13 | O5: =+BORDRO!G9 -> 14079 | P5: 0 | V5: =31-M5-Q5 -> 18 | W5: 6 | X5: 9901.04 | Y5: 2 | Z5: A | AA5: 11 | AB5: 2025 | AC5: Hayır | AD5: =+BORDRO!J9 -> 14079 | AF5: =+BORDRO!K9 -> 2111.85 | AG5: =+BORDRO!L9 -> 2111.85 | AH5: =+BORDRO!M9 -> 0 | AI5: =+BORDRO!O9 -> 106.85961 | AJ5: =+BORDRO!P9 -> 0
A6: A | B6: 46 | C6: 00000 | D6: 01 | E6: 01 | F6: 1494768 | G6: 016 | H6: 000 | J6: =+Puantaj!C10 -> 10067475932 | K6: =+Puantaj!D10 -> AHMET YASİN | L6: =+Puantaj!E10 -> KURT | M6: =+BORDRO!F10 -> 14 | O6: =+BORDRO!G10 -> 15162 | P6: 0 | V6: =31-M6-Q6 -> 17 | W6: 6 | X6: 9901.04 | Y6: 2 | Z6: A | AA6: 11 | AB6: 2025 | AC6: Hayır | AD6: =+BORDRO!J10 -> 15162 | AF6: =+BORDRO!K10 -> 2274.3 | AG6: =+BORDRO!L10 -> 2274.3 | AH6: =+BORDRO!M10 -> 0 | AI6: =+BORDRO!O10 -> 115.07958 | AJ6: =+BORDRO!P10 -> 0
A7: A | B7: 46 | C7: 00000 | D7: 01 | E7: 01 | F7: 1494768 | G7: 016 | H7: 000 | J7: =+Puantaj!C11 -> 13333175444 | K7: =+Puantaj!D11 -> AKİF YAVUZ | L7: =+Puantaj!E11 -> ZENGİN | M7: =+BORDRO!F11 -> 4 | O7: =+BORDRO!G11 -> 4332 | P7: 0 | V7: =31-M7-Q7 -> 27 | W7: 6 | X7: 9901.04 | Y7: 2 | Z7: A | AA7: 11 | AB7: 2025 | AC7: Hayır | AD7: =+BORDRO!J11 -> 4332 | AF7: =+BORDRO!K11 -> 649.8 | AG7: =+BORDRO!L11 -> 649.8 | AH7: =+BORDRO!M11 -> 0 | AI7: =+BORDRO!O11 -> 32.87988 | AJ7: =+BORDRO!P11 -> 0
A8: A | B8: 46 | C8: 00000 | D8: 01 | E8: 01 | F8: 1494768 | G8: 016 | H8: 000 | J8: =+Puantaj!C12 -> 34411910856 | K8: =+Puantaj!D12 -> ALEYNA | L8: =+Puantaj!E12 -> ÇAKAR | M8: =+BORDRO!F12 -> 0 | O8: =+BORDRO!G12 -> 0 | P8: 0 | S8: 31 | T8: 12 | U8: 22 | V8: =31-M8-Q8 -> 31 | W8: 15 | X8: 9901.04 | Y8: 2 | Z8: A | AA8: 11 | AB8: 2025 | AC8: Hayır | AD8: =+BORDRO!J12 -> 0 | AF8: =+BORDRO!K12 -> 0 | AG8: =+BORDRO!L12 -> 0 | AH8: =+BORDRO!M12 -> 0 | AI8: =+BORDRO!O12 -> 0 | AJ8: =+BORDRO!P12 -> 0
A9: A | B9: 46 | C9: 00000 | D9: 01 | E9: 01 | F9: 1494768 | G9: 016 | H9: 000 | J9: =+Puantaj!C13 -> 11069535280 | K9: =+Puantaj!D13 -> ALİGAFFAR | L9: =+Puantaj!E13 -> AYDIN | M9: =+BORDRO!F13 -> 12 | O9: =+BORDRO!G13 -> 12996 | P9: 0 | V9: =31-M9-Q9 -> 19 | W9: 6 | X9: 9901.04 | Y9: 2 | Z9: A | AA9: 11 | AB9: 2025 | AC9: Hayır | AD9: =+BORDRO!J13 -> 12996 | AF9: =+BORDRO!K13 -> 1949.4 | AG9: =+BORDRO!L13 -> 1949.4 | AH9: =+BORDRO!M13 -> 0 | AI9: =+BORDRO!O13 -> 98.63964 | AJ9: =+BORDRO!P13 -> 0
A10: A | B10: 46 | C10: 00000 | D10: 01 | E10: 01 | F10: 1494768 | G10: 016 | H10: 000 | J10: =+Puantaj!C14 -> 10420954296 | K10: =+Puantaj!D14 -> ARİF | L10: =+Puantaj!E14 -> TURAN | M10: =+BORDRO!F14 -> 14 | O10: =+BORDRO!G14 -> 15162 | P10: 0 | V10: =31-M10-Q10 -> 17 | W10: 6 | X10: 9901.04 | Y10: 2 | Z10: A | AA10: 11 | AB10: 2025 | AC10: Hayır | AD10: =+BORDRO!J14 -> 15162 | AF10: =+BORDRO!K14 -> 2274.3 | AG10: =+BORDRO!L14 -> 2274.3 | AH10: =+BORDRO!M14 -> 0 | AI10: =+BORDRO!O14 -> 115.07958 | AJ10: =+BORDRO!P14 -> 0
A11: A | B11: 46 | C11: 00000 | D11: 01 | E11: 01 | F11: 1494768 | G11: 016 | H11: 000 | J11: =+Puantaj!C15 -> 11039638348 | K11: =+Puantaj!D15 -> ASLAN ERAY | L11: =+Puantaj!E15 -> KARAVAŞ | M11: =+BORDRO!F15 -> 15 | O11: =+BORDRO!G15 -> 16245 | P11: 0 | V11: =31-M11-Q11 -> 16 | W11: 6 | X11: 9901.04 | Y11: 2 | Z11: A | AA11: 11 | AB11: 2025 | AC11: Hayır | AD11: =+BORDRO!J15 -> 16245 | AF11: =+BORDRO!K15 -> 2436.75 | AG11: =+BORDRO!L15 -> 2436.75 | AH11: =+BORDRO!M15 -> 0 | AI11: =+BORDRO!O15 -> 123.29955 | AJ11: =+BORDRO!P15 -> 0
A12: A | B12: 46 | C12: 00000 | D12: 01 | E12: 01 | F12: 1494768 | G12: 016 | H12: 000 | J12: =+Puantaj!C16 -> 18397728780 | K12: =+Puantaj!D16 -> ASLI | L12: =+Puantaj!E16 -> BEKTAŞ | M12: =+BORDRO!F16 -> 5 | O12: =+BORDRO!G16 -> 5415 | P12: 0 | V12: =31-M12-Q12 -> 26 | W12: 6 | X12: 9901.04 | Y12: 2 | Z12: A | AA12: 11 | AB12: 2025 | AC12: Hayır | AD12: =+BORDRO!J16 -> 5415 | AF12: =+BORDRO!K16 -> 812.25 | AG12: =+BORDRO!L16 -> 812.25 | AH12: =+BORDRO!M16 -> 0 | AI12: =+BORDRO!O16 -> 41.09985 | AJ12: =+BORDRO!P16 -> 0
A13: A | B13: 46 | C13: 00000 | D13: 01 | E13: 01 | F13: 1494768 | G13: 016 | H13: 000 | J13: =+Puantaj!C17 -> 31885265086 | K13: =+Puantaj!D17 -> AYBERK | L13: =+Puantaj!E17 -> EREN | M13: =+BORDRO!F17 -> 12 | O13: =+BORDRO!G17 -> 12996 | P13: 0 | V13: =31-M13-Q13 -> 19 | W13: 6 | X13: 9901.04 | Y13: 2 | Z13: A | AA13: 11 | AB13: 2025 | AC13: Hayır | AD13: =+BORDRO!J17 -> 12996 | AF13: =+BORDRO!K17 -> 1949.4 | AG13: =+BORDRO!L17 -> 1949.4 | AH13: =+BORDRO!M17 -> 0 | AI13: =+BORDRO!O17 -> 98.63964 | AJ13: =+BORDRO!P17 -> 0
A14: A | B14: 46 | C14: 00000 | D14: 01 | E14: 01 | F14: 1494768 | G14: 016 | H14: 000 | J14: =+Puantaj!C18 -> 16364821786 | K14: =+Puantaj!D18 -> AYBERK | L14: =+Puantaj!E18 -> KILIÇ | M14: =+BORDRO!F18 -> 13 | O14: =+BORDRO!G18 -> 14079 | P14: 0 | V14: =31-M14-Q14 -> 18 | W14: 6 | X14: 9901.04 | Y14: 2 | Z14: A | AA14: 11 | AB14: 2025 | AC14: Hayır | AD14: =+BORDRO!J18 -> 14079 | AF14: =+BORDRO!K18 -> 2111.85 | AG14: =+BORDRO!L18 -> 2111.85 | AH14: =+BORDRO!M18 -> 0 | AI14: =+BORDRO!O18 -> 106.85961 | AJ14: =+BORDRO!P18 -> 0
A15: A | B15: 46 | C15: 00000 | D15: 01 | E15: 01 | F15: 1494768 | G15: 016 | H15: 000 | J15: =+Puantaj!C19 -> 10307955460 | K15: =+Puantaj!D19 -> AYÇA | L15: =+Puantaj!E19 -> YAZICI | M15: =+BORDRO!F19 -> 13 | O15: =+BORDRO!G19 -> 14079 | P15: 0 | V15: =31-M15-Q15 -> 18 | W15: 6 | X15: 9901.04 | Y15: 2 | Z15: A | AA15: 11 | AB15: 2025 | AC15: Hayır | AD15: =+BORDRO!J19 -> 14079 | AF15: =+BORDRO!K19 -> 2111.85 | AG15: =+BORDRO!L19 -> 2111.85 | AH15: =+BORDRO!M19 -> 0 | AI15: =+BORDRO!O19 -> 106.85961 | AJ15: =+BORDRO!P19 -> 0
A16: A | B16: 46 | C16: 00000 | D16: 01 | E16: 01 | F16: 1494768 | G16: 016 | H16: 000 | J16: =+Puantaj!C20 -> 37796134572 | K16: =+Puantaj!D20 -> AYŞE | L16: =+Puantaj!E20 -> KADIOĞULLARI | M16: =+BORDRO!F20 -> 13 | O16: =+BORDRO!G20 -> 14079 | P16: 0 | V16: =31-M16-Q16 -> 18 | W16: 6 | X16: 9901.04 | Y16: 2 | Z16: A | AA16: 11 | AB16: 2025 | AC16: Hayır | AD16: =+BORDRO!J20 -> 14079 | AF16: =+BORDRO!K20 -> 2111.85 | AG16: =+BORDRO!L20 -> 2111.85 | AH16: =+BORDRO!M20 -> 0 | AI16: =+BORDRO!O20 -> 106.85961 | AJ16: =+BORDRO!P20 -> 0
A17: A | B17: 46 | C17: 00000 | D17: 01 | E17: 01 | F17: 1494768 | G17: 016 | H17: 000 | J17: =+Puantaj!C21 -> 20425647000 | K17: =+Puantaj!D21 -> AYŞE | L17: =+Puantaj!E21 -> KÜÇÜKALİ | M17: =+BORDRO!F21 -> 12 | O17: =+BORDRO!G21 -> 12996 | P17: 0 | V17: =31-M17-Q17 -> 19 | W17: 6 | X17: 9901.04 | Y17: 2 | Z17: A | AA17: 11 | AB17: 2025 | AC17: Hayır | AD17: =+BORDRO!J21 -> 12996 | AF17: =+BORDRO!K21 -> 1949.4 | AG17: =+BORDRO!L21 -> 1949.4 | AH17: =+BORDRO!M21 -> 0 | AI17: =+BORDRO!O21 -> 98.63964 | AJ17: =+BORDRO!P21 -> 0
A18: A | B18: 46 | C18: 00000 | D18: 01 | E18: 01 | F18: 1494768 | G18: 016 | H18: 000 | J18: =+Puantaj!C22 -> 10211811296 | K18: =+Puantaj!D22 -> AYŞE NUR | L18: =+Puantaj!E22 -> TÜRKYILMAZ | M18: =+BORDRO!F22 -> 14 | O18: =+BORDRO!G22 -> 15162 | P18: 0 | V18: =31-M18-Q18 -> 17 | W18: 6 | X18: 9901.04 | Y18: 2 | Z18: A | AA18: 11 | AB18: 2025 | AC18: Hayır | AD18: =+BORDRO!J22 -> 15162 | AF18: =+BORDRO!K22 -> 2274.3 | AG18: =+BORDRO!L22 -> 2274.3 | AH18: =+BORDRO!M22 -> 0 | AI18: =+BORDRO!O22 -> 115.07958 | AJ18: =+BORDRO!P22 -> 0
A19: A | B19: 46 | C19: 00000 | D19: 01 | E19: 01 | F19: 1494768 | G19: 016 | H19: 000 | J19: =+Puantaj!C23 -> 38158642018 | K19: =+Puantaj!D23 -> AYŞENUR TUĞBA | L19: =+Puantaj!E23 -> KILIÇARSLAN | M19: =+BORDRO!F23 -> 13 | O19: =+BORDRO!G23 -> 14079 | P19: 0 | V19: =31-M19-Q19 -> 18 | W19: 6 | X19: 9901.04 | Y19: 2 | Z19: A | AA19: 11 | AB19: 2025 | AC19: Hayır | AD19: =+BORDRO!J23 -> 14079 | AF19: =+BORDRO!K23 -> 2111.85 | AG19: =+BORDRO!L23 -> 2111.85 | AH19: =+BORDRO!M23 -> 0 | AI19: =+BORDRO!O23 -> 106.85961 | AJ19: =+BORDRO!P23 -> 0
A20: A | B20: 46 | C20: 00000 | D20: 01 | E20: 01 | F20: 1494768 | G20: 016 | H20: 000 | J20: =+Puantaj!C24 -> 10391956060 | K20: =+Puantaj!D24 -> AYŞENUR | L20: =+Puantaj!E24 -> YILDIRIM | M20: =+BORDRO!F24 -> 14 | O20: =+BORDRO!G24 -> 15162 | P20: 0 | V20: =31-M20-Q20 -> 17 | W20: 6 | X20: 9901.04 | Y20: 2 | Z20: A | AA20: 11 | AB20: 2025 | AC20: Hayır | AD20: =+BORDRO!J24 -> 15162 | AF20: =+BORDRO!K24 -> 2274.3 | AG20: =+BORDRO!L24 -> 2274.3 | AH20: =+BORDRO!M24 -> 0 | AI20: =+BORDRO!O24 -> 115.07958 | AJ20: =+BORDRO!P24 -> 0
... A29: A | B29: 46 | C29: 00000 | D29: 01 | E29: 01 | F29: 1494768 | G29: 016 | H29: 000 | J29: =+Puantaj!C33 -> 16765732636 | K29: =+Puantaj!D33 -> BUSE | L29: =+Puantaj!E33 -> ALACA | M29: =+BORDRO!F33 -> 14 | O29: =+BORDRO!G33 -> 15162 | P29: 0 | V29: =31-M29-Q29 -> 17 | W29: 6 | X29: 9901.04 | Y29: 2 | Z29: A | AA29: 11 | AB29: 2025 | AC29: Hayır | AD29: =+BORDRO!J33 -> 15162 | AF29: =+BORDRO!K33 -> 2274.3 | AG29: =+BORDRO!L33 -> 2274.3 | AH29: =+BORDRO!M33 -> 0 | AI29: =+BORDRO!O33 -> 115.07958 | AJ29: =+BORDRO!P33 -> 0
A30: A | B30: 46 | C30: 00000 | D30: 01 | E30: 01 | F30: 1494768 | G30: 016 | H30: 000 | J30: =+Puantaj!C34 -> 10169157156 | K30: =+Puantaj!D34 -> BUSE | L30: =+Puantaj!E34 -> PAMUK | M30: =+BORDRO!F34 -> 4 | O30: =+BORDRO!G34 -> 4332 | P30: 0 | S30: 31 | T30: 12 | U30: 3 | V30: =31-M30-Q30 -> 27 | W30: 6 | X30: 9901.04 | Y30: 2 | Z30: A | AA30: 11 | AB30: 2025 | AC30: Hayır | AD30: =+BORDRO!J34 -> 4332 | AF30: =+BORDRO!K34 -> 649.8 | AG30: =+BORDRO!L34 -> 649.8 | AH30: =+BORDRO!M34 -> 0 | AI30: =+BORDRO!O34 -> 32.87988 | AJ30: =+BORDRO!P34 -> 0
A31: A | B31: 46 | C31: 00000 | D31: 01 | E31: 01 | F31: 1494768 | G31: 016 | H31: 000 | J31: =+Puantaj!C35 -> 22309168236 | K31: =+Puantaj!D35 -> CAFER | L31: =+Puantaj!E35 -> SOYLU | M31: =+BORDRO!F35 -> 14 | O31: =+BORDRO!G35 -> 15162 | P31: 0 | V31: =31-M31-Q31 -> 17 | W31: 6 | X31: 9901.04 | Y31: 2 | Z31: A | AA31: 11 | AB31: 2025 | AC31: Hayır | AD31: =+BORDRO!J35 -> 15162 | AF31: =+BORDRO!K35 -> 2274.3 | AG31: =+BORDRO!L35 -> 2274.3 | AH31: =+BORDRO!M35 -> 0 | AI31: =+BORDRO!O35 -> 115.07958 | AJ31: =+BORDRO!P35 -> 0
A32: A | B32: 46 | C32: 00000 | D32: 01 | E32: 01 | F32: 1494768 | G32: 016 | H32: 000 | J32: =+Puantaj!C36 -> 15725667650 | K32: =+Puantaj!D36 -> CANER | L32: =+Puantaj!E36 -> YILDIZ | M32: =+BORDRO!F36 -> 14 | O32: =+BORDRO!G36 -> 15162 | P32: 0 | V32: =31-M32-Q32 -> 17 | W32: 6 | X32: 9901.04 | Y32: 2 | Z32: A | AA32: 11 | AB32: 2025 | AC32: Hayır | AD32: =+BORDRO!J36 -> 15162 | AF32: =+BORDRO!K36 -> 2274.3 | AG32: =+BORDRO!L36 -> 2274.3 | AH32: =+BORDRO!M36 -> 0 | AI32: =+BORDRO!O36 -> 115.07958 | AJ32: =+BORDRO!P36 -> 0
A33: A | B33: 46 | C33: 00000 | D33: 01 | E33: 01 | F33: 1494768 | G33: 016 | H33: 000 | J33: =+Puantaj!C37 -> 15709804262 | K33: =+Puantaj!D37 -> CEMAL AFŞİN | L33: =+Puantaj!E37 -> TÜRKYILMAZ | M33: =+BORDRO!F37 -> 12 | O33: =+BORDRO!G37 -> 12996 | P33: 0 | V33: =31-M33-Q33 -> 19 | W33: 6 | X33: 9901.04 | Y33: 2 | Z33: A | AA33: 11 | AB33: 2025 | AC33: Hayır | AD33: =+BORDRO!J37 -> 12996 | AF33: =+BORDRO!K37 -> 1949.4 | AG33: =+BORDRO!L37 -> 1949.4 | AH33: =+BORDRO!M37 -> 0 | AI33: =+BORDRO!O37 -> 98.63964 | AJ33: =+BORDRO!P37 -> 0
A34: A | B34: 46 | C34: 00000 | D34: 01 | E34: 01 | F34: 1494768 | G34: 016 | H34: 000 | J34: =+Puantaj!C38 -> 10841685564 | K34: =+Puantaj!D38 -> CEMRE | L34: =+Puantaj!E38 -> GÜRŞEN | M34: =+BORDRO!F38 -> 14 | O34: =+BORDRO!G38 -> 15162 | P34: 0 | V34: =31-M34-Q34 -> 17 | W34: 6 | X34: 9901.04 | Y34: 2 | Z34: A | AA34: 11 | AB34: 2025 | AC34: Hayır | AD34: =+BORDRO!J38 -> 15162 | AF34: =+BORDRO!K38 -> 2274.3 | AG34: =+BORDRO!L38 -> 2274.3 | AH34: =+BORDRO!M38 -> 0 | AI34: =+BORDRO!O38 -> 115.07958 | AJ34: =+BORDRO!P38 -> 0
A35: A | B35: 46 | C35: 00000 | D35: 01 | E35: 01 | F35: 1494768 | G35: 016 | H35: 000 | J35: =+Puantaj!C39 -> 11102488016 | K35: =+Puantaj!D39 -> CEREN | L35: =+Puantaj!E39 -> YILDIRIM | M35: =+BORDRO!F39 -> 13 | O35: =+BORDRO!G39 -> 14079 | P35: 0 | V35: =31-M35-Q35 -> 18 | W35: 6 | X35: 9901.04 | Y35: 2 | Z35: A | AA35: 11 | AB35: 2025 | AC35: Hayır | AD35: =+BORDRO!J39 -> 14079 | AF35: =+BORDRO!K39 -> 2111.85 | AG35: =+BORDRO!L39 -> 2111.85 | AH35: =+BORDRO!M39 -> 0 | AI35: =+BORDRO!O39 -> 106.85961 | AJ35: =+BORDRO!P39 -> 0
A36: A | B36: 46 | C36: 00000 | D36: 01 | E36: 01 | F36: 1494768 | G36: 016 | H36: 000 | J36: =+Puantaj!C40 -> 45631014194 | K36: =+Puantaj!D40 -> ÇAĞLAYAN EFE | L36: =+Puantaj!E40 -> KOYUNCU | M36: =+BORDRO!F40 -> 12 | O36: =+BORDRO!G40 -> 12996 | P36: 0 | V36: =31-M36-Q36 -> 19 | W36: 6 | X36: 9901.04 | Y36: 2 | Z36: A | AA36: 11 | AB36: 2025 | AC36: Hayır | AD36: =+BORDRO!J40 -> 12996 | AF36: =+BORDRO!K40 -> 1949.4 | AG36: =+BORDRO!L40 -> 1949.4 | AH36: =+BORDRO!M40 -> 0 | AI36: =+BORDRO!O40 -> 98.63964 | AJ36: =+BORDRO!P40 -> 0
A37: A | B37: 46 | C37: 00000 | D37: 01 | E37: 01 | F37: 1494768 | G37: 016 | H37: 000 | J37: =+Puantaj!C41 -> 64426278672 | K37: =+Puantaj!D41 -> DİCLE | L37: =+Puantaj!E41 -> GEYİK | M37: =+BORDRO!F41 -> 13 | O37: =+BORDRO!G41 -> 14079 | P37: 0 | V37: =31-M37-Q37 -> 18 | W37: 6 | X37: 9901.04 | Y37: 2 | Z37: A | AA37: 11 | AB37: 2025 | AC37: Hayır | AD37: =+BORDRO!J41 -> 14079 | AF37: =+BORDRO!K41 -> 2111.85 | AG37: =+BORDRO!L41 -> 2111.85 | AH37: =+BORDRO!M41 -> 0 | AI37: =+BORDRO!O41 -> 106.85961 | AJ37: =+BORDRO!P41 -> 0
A38: A | B38: 46 | C38: 00000 | D38: 01 | E38: 01 | F38: 1494768 | G38: 016 | H38: 000 | J38: =+Puantaj!C42 -> 11158958198 | K38: =+Puantaj!D42 -> ECEM | L38: =+Puantaj!E42 -> BULUT | M38: =+BORDRO!F42 -> 13 | O38: =+BORDRO!G42 -> 14079 | P38: 0 | V38: =31-M38-Q38 -> 18 | W38: 6 | X38: 9901.04 | Y38: 2 | Z38: A | AA38: 11 | AB38: 2025 | AC38: Hayır | AD38: =+BORDRO!J42 -> 14079 | AF38: =+BORDRO!K42 -> 2111.85 | AG38: =+BORDRO!L42 -> 2111.85 | AH38: =+BORDRO!M42 -> 0 | AI38: =+BORDRO!O42 -> 106.85961 | AJ38: =+BORDRO!P42 -> 0
A39: A | B39: 46 | C39: 00000 | D39: 01 | E39: 01 | F39: 1494768 | G39: 016 | H39: 000 | J39: =+Puantaj!C43 -> 10438965994 | K39: =+Puantaj!D43 -> EFE | L39: =+Puantaj!E43 -> FEVZİOĞLU | M39: =+BORDRO!F43 -> 14 | O39: =+BORDRO!G43 -> 15162 | P39: 0 | V39: =31-M39-Q39 -> 17 | W39: 6 | X39: 9901.04 | Y39: 2 | Z39: A | AA39: 11 | AB39: 2025 | AC39: Hayır | AD39: =+BORDRO!J43 -> 15162 | AF39: =+BORDRO!K43 -> 2274.3 | AG39: =+BORDRO!L43 -> 2274.3 | AH39: =+BORDRO!M43 -> 0 | AI39: =+BORDRO!O43 -> 115.07958 | AJ39: =+BORDRO!P43 -> 0
A40: A | B40: 46 | C40: 00000 | D40: 01 | E40: 01 | F40: 1494768 | G40: 016 | H40: 000 | J40: =+Puantaj!C44 -> 10634557832 | K40: =+Puantaj!D44 -> EFE | L40: =+Puantaj!E44 -> ŞAHİN | M40: =+BORDRO!F44 -> 14 | O40: =+BORDRO!G44 -> 15162 | P40: 0 | V40: =31-M40-Q40 -> 17 | W40: 6 | X40: 9901.04 | Y40: 2 | Z40: A | AA40: 11 | AB40: 2025 | AC40: Hayır | AD40: =+BORDRO!J44 -> 15162 | AF40: =+BORDRO!K44 -> 2274.3 | AG40: =+BORDRO!L44 -> 2274.3 | AH40: =+BORDRO!M44 -> 0 | AI40: =+BORDRO!O44 -> 115.07958 | AJ40: =+BORDRO!P44 -> 0
A41: A | B41: 46 | C41: 00000 | D41: 01 | E41: 01 | F41: 1494768 | G41: 016 | H41: 000 | J41: =+Puantaj!C45 -> 10257029938 | K41: =+Puantaj!D45 -> EGEMEN | L41: =+Puantaj!E45 -> KÜÇÜKLER | M41: =+BORDRO!F45 -> 8 | O41: =+BORDRO!G45 -> 8664 | P41: 0 | V41: =31-M41-Q41 -> 23 | W41: 6 | X41: 9901.04 | Y41: 2 | Z41: A | AA41: 11 | AB41: 2025 | AC41: Hayır | AD41: =+BORDRO!J45 -> 8664 | AF41: =+BORDRO!K45 -> 1299.6 | AG41: =+BORDRO!L45 -> 1299.6 | AH41: =+BORDRO!M45 -> 0 | AI41: =+BORDRO!O45 -> 65.75976 | AJ41: =+BORDRO!P45 -> 0
A42: A | B42: 46 | C42: 00000 | D42: 01 | E42: 01 | F42: 1494768 | G42: 016 | H42: 000 | J42: =+Puantaj!C46 -> 10067993948 | K42: =+Puantaj!D46 -> EKREM | L42: =+Puantaj!E46 -> TERZİOĞLU | M42: =+BORDRO!F46 -> 12 | O42: =+BORDRO!G46 -> 12996 | P42: 0 | V42: =31-M42-Q42 -> 19 | W42: 6 | X42: 9901.04 | Y42: 2 | Z42: A | AA42: 11 | AB42: 2025 | AC42: Hayır | AD42: =+BORDRO!J46 -> 12996 | AF42: =+BORDRO!K46 -> 1949.4 | AG42: =+BORDRO!L46 -> 1949.4 | AH42: =+BORDRO!M46 -> 0 | AI42: =+BORDRO!O46 -> 98.63964 | AJ42: =+BORDRO!P46 -> 0
... A61: A | B61: 46 | C61: 00000 | D61: 01 | E61: 01 | F61: 1494768 | G61: 016 | H61: 000 | J61: =+Puantaj!C65 -> 10267937780 | K61: =+Puantaj!D65 -> ENNUR | L61: =+Puantaj!E65 -> ÜNAL | M61: =+BORDRO!F65 -> 14 | O61: =+BORDRO!G65 -> 15162 | P61: 0 | V61: =31-M61-Q61 -> 17 | W61: 6 | X61: 9901.04 | Y61: 2 | Z61: A | AA61: 11 | AB61: 2025 | AC61: Hayır | AD61: =+BORDRO!J65 -> 15162 | AF61: =+BORDRO!K65 -> 2274.3 | AG61: =+BORDRO!L65 -> 2274.3 | AH61: =+BORDRO!M65 -> 0 | AI61: =+BORDRO!O65 -> 115.07958 | AJ61: =+BORDRO!P65 -> 0
A62: A | B62: 46 | C62: 00000 | D62: 01 | E62: 01 | F62: 1494768 | G62: 016 | H62: 000 | J62: =+Puantaj!C66 -> 10559226820 | K62: =+Puantaj!D66 -> EREN | L62: =+Puantaj!E66 -> BEYDİLLİ | M62: =+BORDRO!F66 -> 0 | O62: =+BORDRO!G66 -> 0 | P62: 0 | S62: 12 | T62: 12 | U62: 22 | V62: 12 | W62: 15 | X62: 9901.04 | Y62: 2 | Z62: A | AA62: 11 | AB62: 2025 | AC62: Hayır | AD62: =+BORDRO!J66 -> 0 | AF62: =+BORDRO!K66 -> 0 | AG62: =+BORDRO!L66 -> 0 | AH62: =+BORDRO!M66 -> 0 | AI62: =+BORDRO!O66 -> 0 | AJ62: =+BORDRO!P66 -> 0
A63: A | B63: 46 | C63: 00000 | D63: 01 | E63: 01 | F63: 1494768 | G63: 016 | H63: 000 | J63: =+Puantaj!C67 -> 10129854538 | K63: =+Puantaj!D67 -> EREN | L63: =+Puantaj!E67 -> BOYLU | M63: =+BORDRO!F67 -> 13 | O63: =+BORDRO!G67 -> 14079 | P63: 0 | V63: =31-M63-Q63 -> 18 | W63: 6 | X63: 9901.04 | Y63: 2 | Z63: A | AA63: 11 | AB63: 2025 | AC63: Hayır | AD63: =+BORDRO!J67 -> 14079 | AF63: =+BORDRO!K67 -> 2111.85 | AG63: =+BORDRO!L67 -> 2111.85 | AH63: =+BORDRO!M67 -> 0 | AI63: =+BORDRO!O67 -> 106.85961 | AJ63: =+BORDRO!P67 -> 0
A64: A | B64: 46 | C64: 00000 | D64: 01 | E64: 01 | F64: 1494768 | G64: 016 | H64: 000 | J64: =+Puantaj!C68 -> 10591948872 | K64: =+Puantaj!D68 -> EREN | L64: =+Puantaj!E68 -> SAĞIR | M64: =+BORDRO!F68 -> 14 | O64: =+BORDRO!G68 -> 15162 | P64: 0 | V64: =31-M64-Q64 -> 17 | W64: 6 | X64: 9901.04 | Y64: 2 | Z64: A | AA64: 11 | AB64: 2025 | AC64: Hayır | AD64: =+BORDRO!J68 -> 15162 | AF64: =+BORDRO!K68 -> 2274.3 | AG64: =+BORDRO!L68 -> 2274.3 | AH64: =+BORDRO!M68 -> 0 | AI64: =+BORDRO!O68 -> 115.07958 | AJ64: =+BORDRO!P68 -> 0
A65: A | B65: 46 | C65: 00000 | D65: 01 | E65: 01 | F65: 1494768 | G65: 016 | H65: 000 | J65: =+Puantaj!C69 -> 31750012616 | K65: =+Puantaj!D69 -> ERTUĞRUL | L65: =+Puantaj!E69 -> YILDIRAN | M65: =+BORDRO!F69 -> 14 | O65: =+BORDRO!G69 -> 15162 | P65: 0 | V65: =31-M65-Q65 -> 17 | W65: 6 | X65: 9901.04 | Y65: 2 | Z65: A | AA65: 11 | AB65: 2025 | AC65: Hayır | AD65: =+BORDRO!J69 -> 15162 | AF65: =+BORDRO!K69 -> 2274.3 | AG65: =+BORDRO!L69 -> 2274.3 | AH65: =+BORDRO!M69 -> 0 | AI65: =+BORDRO!O69 -> 115.07958 | AJ65: =+BORDRO!P69 -> 0
A66: A | B66: 46 | C66: 00000 | D66: 01 | E66: 01 | F66: 1494768 | G66: 016 | H66: 000 | J66: =+Puantaj!C70 -> 11758988366 | K66: =+Puantaj!D70 -> ESRA BENAN | L66: =+Puantaj!E70 -> ÇETİN | M66: =+BORDRO!F70 -> 13 | O66: =+BORDRO!G70 -> 14079 | P66: 0 | V66: =31-M66-Q66 -> 18 | W66: 6 | X66: 9901.04 | Y66: 2 | Z66: A | AA66: 11 | AB66: 2025 | AC66: Hayır | AD66: =+BORDRO!J70 -> 14079 | AF66: =+BORDRO!K70 -> 2111.85 | AG66: =+BORDRO!L70 -> 2111.85 | AH66: =+BORDRO!M70 -> 0 | AI66: =+BORDRO!O70 -> 106.85961 | AJ66: =+BORDRO!P70 -> 0
A67: A | B67: 46 | C67: 00000 | D67: 01 | E67: 01 | F67: 1494768 | G67: 016 | H67: 000 | J67: =+Puantaj!C71 -> 10041124610 | K67: =+Puantaj!D71 -> EYLÜL | L67: =+Puantaj!E71 -> AKCAOĞLU | M67: =+BORDRO!F71 -> 12 | O67: =+BORDRO!G71 -> 12996 | P67: 0 | V67: =31-M67-Q67 -> 19 | W67: 6 | X67: 9901.04 | Y67: 2 | Z67: A | AA67: 11 | AB67: 2025 | AC67: Hayır | AD67: =+BORDRO!J71 -> 12996 | AF67: =+BORDRO!K71 -> 1949.4 | AG67: =+BORDRO!L71 -> 1949.4 | AH67: =+BORDRO!M71 -> 0 | AI67: =+BORDRO!O71 -> 98.63964 | AJ67: =+BORDRO!P71 -> 0
A68: A | B68: 46 | C68: 00000 | D68: 01 | E68: 01 | F68: 1494768 | G68: 016 | H68: 000 | J68: =+Puantaj!C72 -> 26104431304 | K68: =+Puantaj!D72 -> EZGİ | L68: =+Puantaj!E72 -> BÜYÜKKAYA | M68: =+BORDRO!F72 -> 9 | O68: =+BORDRO!G72 -> 9747 | P68: 0 | V68: =31-M68-Q68 -> 22 | W68: 6 | X68: 9901.04 | Y68: 2 | Z68: A | AA68: 11 | AB68: 2025 | AC68: Hayır | AD68: =+BORDRO!J72 -> 9747 | AF68: =+BORDRO!K72 -> 1462.05 | AG68: =+BORDRO!L72 -> 1462.05 | AH68: =+BORDRO!M72 -> 0 | AI68: =+BORDRO!O72 -> 73.97973 | AJ68: =+BORDRO!P72 -> 0
A69: A | B69: 46 | C69: 00000 | D69: 01 | E69: 01 | F69: 1494768 | G69: 016 | H69: 000 | J69: =+Puantaj!C73 -> 13939155444 | K69: =+Puantaj!D73 -> EZGİNAZ | L69: =+Puantaj!E73 -> GÜNDEDE | M69: =+BORDRO!F73 -> 11 | O69: =+BORDRO!G73 -> 11913 | P69: 0 | V69: =31-M69-Q69 -> 20 | W69: 6 | X69: 9901.04 | Y69: 2 | Z69: A | AA69: 11 | AB69: 2025 | AC69: Hayır | AD69: =+BORDRO!J73 -> 11913 | AF69: =+BORDRO!K73 -> 1786.95 | AG69: =+BORDRO!L73 -> 1786.95 | AH69: =+BORDRO!M73 -> 0 | AI69: =+BORDRO!O73 -> 90.41967 | AJ69: =+BORDRO!P73 -> 0
A70: A | B70: 46 | C70: 00000 | D70: 01 | E70: 01 | F70: 1494768 | G70: 016 | H70: 000 | J70: =+Puantaj!C74 -> 11635943068 | K70: =+Puantaj!D74 -> FATMA YAREN | L70: =+Puantaj!E74 -> ERDOĞAN | M70: =+BORDRO!F74 -> 14 | O70: =+BORDRO!G74 -> 15162 | P70: 0 | V70: =31-M70-Q70 -> 17 | W70: 6 | X70: 9901.04 | Y70: 2 | Z70: A | AA70: 11 | AB70: 2025 | AC70: Hayır | AD70: =+BORDRO!J74 -> 15162 | AF70: =+BORDRO!K74 -> 2274.3 | AG70: =+BORDRO!L74 -> 2274.3 | AH70: =+BORDRO!M74 -> 0 | AI70: =+BORDRO!O74 -> 115.07958 | AJ70: =+BORDRO!P74 -> 0
A71: A | B71: 46 | C71: 00000 | D71: 01 | E71: 01 | F71: 1494768 | G71: 016 | H71: 000 | J71: =+Puantaj!C75 -> 17333252242 | K71: =+Puantaj!D75 -> FEYZA | L71: =+Puantaj!E75 -> KARACA | M71: =+BORDRO!F75 -> 12 | O71: =+BORDRO!G75 -> 12996 | P71: 0 | V71: =31-M71-Q71 -> 19 | W71: 6 | X71: 9901.04 | Y71: 2 | Z71: A | AA71: 11 | AB71: 2025 | AC71: Hayır | AD71: =+BORDRO!J75 -> 12996 | AF71: =+BORDRO!K75 -> 1949.4 | AG71: =+BORDRO!L75 -> 1949.4 | AH71: =+BORDRO!M75 -> 0 | AI71: =+BORDRO!O75 -> 98.63964 | AJ71: =+BORDRO!P75 -> 0
A72: A | B72: 46 | C72: 00000 | D72: 01 | E72: 01 | F72: 1494768 | G72: 016 | H72: 000 | J72: =+Puantaj!C76 -> 10861953766 | K72: =+Puantaj!D76 -> FİLİZ | L72: =+Puantaj!E76 -> ÇİNİ | M72: =+BORDRO!F76 -> 14 | O72: =+BORDRO!G76 -> 15162 | P72: 0 | V72: =31-M72-Q72 -> 17 | W72: 6 | X72: 9901.04 | Y72: 2 | Z72: A | AA72: 11 | AB72: 2025 | AC72: Hayır | AD72: =+BORDRO!J76 -> 15162 | AF72: =+BORDRO!K76 -> 2274.3 | AG72: =+BORDRO!L76 -> 2274.3 | AH72: =+BORDRO!M76 -> 0 | AI72: =+BORDRO!O76 -> 115.07958 | AJ72: =+BORDRO!P76 -> 0
A73: A | B73: 46 | C73: 00000 | D73: 01 | E73: 01 | F73: 1494768 | G73: 016 | H73: 000 | J73: =+Puantaj!C77 -> 10385934418 | K73: =+Puantaj!D77 -> FURKAN | L73: =+Puantaj!E77 -> AKAN | M73: =+BORDRO!F77 -> 9 | O73: =+BORDRO!G77 -> 9747 | P73: 0 | V73: =31-M73-Q73 -> 22 | W73: 6 | X73: 9901.04 | Y73: 2 | Z73: A | AA73: 11 | AB73: 2025 | AC73: Hayır | AD73: =+BORDRO!J77 -> 9747 | AF73: =+BORDRO!K77 -> 1462.05 | AG73: =+BORDRO!L77 -> 1462.05 | AH73: =+BORDRO!M77 -> 0 | AI73: =+BORDRO!O77 -> 73.97973 | AJ73: =+BORDRO!P77 -> 0
A74: A | B74: 46 | C74: 00000 | D74: 01 | E74: 01 | F74: 1494768 | G74: 016 | H74: 000 | J74: =+Puantaj!C78 -> 10291959826 | K74: =+Puantaj!D78 -> FURKAN SELİM | L74: =+Puantaj!E78 -> DURAN | M74: =+BORDRO!F78 -> 13 | O74: =+BORDRO!G78 -> 14079 | P74: 0 | V74: =31-M74-Q74 -> 18 | W74: 6 | X74: 9901.04 | Y74: 2 | Z74: A | AA74: 11 | AB74: 2025 | AC74: Hayır | AD74: =+BORDRO!J78 -> 14079 | AF74: =+BORDRO!K78 -> 2111.85 | AG74: =+BORDRO!L78 -> 2111.85 | AH74: =+BORDRO!M78 -> 0 | AI74: =+BORDRO!O78 -> 106.85961 | AJ74: =+BORDRO!P78 -> 0
... A164: A | B164: 46 | C164: 00000 | D164: 01 | E164: 01 | F164: 1494768 | G164: 016 | H164: 000 | J164: =+Puantaj!C168 -> 28069506882 | K164: =+Puantaj!D168 -> SENEM NUR | L164: =+Puantaj!E168 -> ÖZTÜRK | M164: =+BORDRO!F168 -> 10 | O164: =+BORDRO!G168 -> 10830 | P164: 0 | V164: =31-M164-Q164 -> 21 | W164: 6 | X164: 9901.04 | Y164: 2 | Z164: A | AA164: 11 | AB164: 2025 | AC164: Hayır | AD164: =+BORDRO!J168 -> 10830 | AF164: =+BORDRO!K168 -> 1624.5 | AG164: =+BORDRO!L168 -> 1624.5 | AH164: =+BORDRO!M168 -> 0 | AI164: =+BORDRO!O168 -> 82.1997 | AJ164: =+BORDRO!P168 -> 0
A165: A | B165: 46 | C165: 00000 | D165: 01 | E165: 01 | F165: 1494768 | G165: 016 | H165: 000 | J165: =+Puantaj!C169 -> 56965637782 | K165: =+Puantaj!D169 -> SEVDANUR | L165: =+Puantaj!E169 -> NİŞ | M165: =+BORDRO!F169 -> 0 | O165: =+BORDRO!G169 -> 0 | P165: 0 | S165: 31 | T165: 12 | U165: 22 | V165: =31-M165-Q165 -> 31 | W165: 15 | X165: 9901.04 | Y165: 2 | Z165: A | AA165: 11 | AB165: 2025 | AC165: Hayır | AD165: =+BORDRO!J169 -> 0 | AF165: =+BORDRO!K169 -> 0 | AG165: =+BORDRO!L169 -> 0 | AH165: =+BORDRO!M169 -> 0 | AI165: =+BORDRO!O169 -> 0 | AJ165: =+BORDRO!P169 -> 0
A166: A | B166: 46 | C166: 00000 | D166: 01 | E166: 01 | F166: 1494768 | G166: 016 | H166: 000 | J166: =+Puantaj!C170 -> 10044124310 | K166: =+Puantaj!D170 -> SILA | L166: =+Puantaj!E170 -> SARI | M166: =+BORDRO!F170 -> 14 | O166: =+BORDRO!G170 -> 15162 | P166: 0 | V166: =31-M166-Q166 -> 17 | W166: 6 | X166: 9901.04 | Y166: 2 | Z166: A | AA166: 11 | AB166: 2025 | AC166: Hayır | AD166: =+BORDRO!J170 -> 15162 | AF166: =+BORDRO!K170 -> 2274.3 | AG166: =+BORDRO!L170 -> 2274.3 | AH166: =+BORDRO!M170 -> 0 | AI166: =+BORDRO!O170 -> 115.07958 | AJ166: =+BORDRO!P170 -> 0
A167: A | B167: 46 | C167: 00000 | D167: 01 | E167: 01 | F167: 1494768 | G167: 016 | H167: 000 | J167: =+Puantaj!C171 -> 10099823732 | K167: =+Puantaj!D171 -> SUDE | L167: =+Puantaj!E171 -> AK | M167: =+BORDRO!F171 -> 9 | O167: =+BORDRO!G171 -> 9747 | P167: 0 | V167: =31-M167-Q167 -> 22 | W167: 6 | X167: 9901.04 | Y167: 2 | Z167: A | AA167: 11 | AB167: 2025 | AC167: Hayır | AD167: =+BORDRO!J171 -> 9747 | AF167: =+BORDRO!K171 -> 1462.05 | AG167: =+BORDRO!L171 -> 1462.05 | AH167: =+BORDRO!M171 -> 0 | AI167: =+BORDRO!O171 -> 73.97973 | AJ167: =+BORDRO!P171 -> 0
A168: A | B168: 46 | C168: 00000 | D168: 01 | E168: 01 | F168: 1494768 | G168: 016 | H168: 000 | J168: =+Puantaj!C172 -> 71035053262 | K168: =+Puantaj!D172 -> ŞEVVAL BÜŞRA | L168: =+Puantaj!E172 -> ALTUNDAĞ | M168: =+BORDRO!F172 -> 14 | O168: =+BORDRO!G172 -> 15162 | P168: 0 | V168: =31-M168-Q168 -> 17 | W168: 6 | X168: 9901.04 | Y168: 2 | Z168: A | AA168: 11 | AB168: 2025 | AC168: Hayır | AD168: =+BORDRO!J172 -> 15162 | AF168: =+BORDRO!K172 -> 2274.3 | AG168: =+BORDRO!L172 -> 2274.3 | AH168: =+BORDRO!M172 -> 0 | AI168: =+BORDRO!O172 -> 115.07958 | AJ168: =+BORDRO!P172 -> 0
A169: A | B169: 46 | C169: 00000 | D169: 01 | E169: 01 | F169: 1494768 | G169: 016 | H169: 000 | J169: =+Puantaj!C173 -> 59413337814 | K169: =+Puantaj!D173 -> ŞEVVAL | L169: =+Puantaj!E173 -> YILDIRIM | M169: =+BORDRO!F173 -> 15 | O169: =+BORDRO!G173 -> 16245 | P169: 0 | V169: =31-M169-Q169 -> 16 | W169: 6 | X169: 9901.04 | Y169: 2 | Z169: A | AA169: 11 | AB169: 2025 | AC169: Hayır | AD169: =+BORDRO!J173 -> 16245 | AF169: =+BORDRO!K173 -> 2436.75 | AG169: =+BORDRO!L173 -> 2436.75 | AH169: =+BORDRO!M173 -> 0 | AI169: =+BORDRO!O173 -> 123.29955 | AJ169: =+BORDRO!P173 -> 0
A170: A | B170: 46 | C170: 00000 | D170: 01 | E170: 01 | F170: 1494768 | G170: 016 | H170: 000 | J170: =+Puantaj!C174 -> 15296140996 | K170: =+Puantaj!D174 -> ŞUHEDA | L170: =+Puantaj!E174 -> TEMUR | M170: =+BORDRO!F174 -> 15 | O170: =+BORDRO!G174 -> 16245 | P170: 0 | V170: =31-M170-Q170 -> 16 | W170: 6 | X170: 9901.04 | Y170: 2 | Z170: A | AA170: 11 | AB170: 2025 | AC170: Hayır | AD170: =+BORDRO!J174 -> 16245 | AF170: =+BORDRO!K174 -> 2436.75 | AG170: =+BORDRO!L174 -> 2436.75 | AH170: =+BORDRO!M174 -> 0 | AI170: =+BORDRO!O174 -> 123.29955 | AJ170: =+BORDRO!P174 -> 0
A171: A | B171: 46 | C171: 00000 | D171: 01 | E171: 01 | F171: 1494768 | G171: 016 | H171: 000 | J171: =+Puantaj!C175 -> 12507116610 | K171: =+Puantaj!D175 -> ŞÜKRAN | L171: =+Puantaj!E175 -> YANIK | M171: =+BORDRO!F175 -> 11 | O171: =+BORDRO!G175 -> 11913 | P171: 0 | V171: =31-M171-Q171 -> 20 | W171: 6 | X171: 9901.04 | Y171: 2 | Z171: A | AA171: 11 | AB171: 2025 | AC171: Hayır | AD171: =+BORDRO!J175 -> 11913 | AF171: =+BORDRO!K175 -> 1786.95 | AG171: =+BORDRO!L175 -> 1786.95 | AH171: =+BORDRO!M175 -> 0 | AI171: =+BORDRO!O175 -> 90.41967 | AJ171: =+BORDRO!P175 -> 0
A172: A | B172: 46 | C172: 00000 | D172: 01 | E172: 01 | F172: 1494768 | G172: 016 | H172: 000 | J172: =+Puantaj!C176 -> 16252658296 | K172: =+Puantaj!D176 -> TAN KUTAY | L172: =+Puantaj!E176 -> DEMİRCİ | M172: =+BORDRO!F176 -> 12 | O172: =+BORDRO!G176 -> 12996 | P172: 0 | V172: =31-M172-Q172 -> 19 | W172: 6 | X172: 9901.04 | Y172: 2 | Z172: A | AA172: 11 | AB172: 2025 | AC172: Hayır | AD172: =+BORDRO!J176 -> 12996 | AF172: =+BORDRO!K176 -> 1949.4 | AG172: =+BORDRO!L176 -> 1949.4 | AH172: =+BORDRO!M176 -> 0 | AI172: =+BORDRO!O176 -> 98.63964 | AJ172: =+BORDRO!P176 -> 0
A173: A | B173: 46 | C173: 00000 | D173: 01 | E173: 01 | F173: 1494768 | G173: 016 | H173: 000 | J173: =+Puantaj!C177 -> 22685042762 | K173: =+Puantaj!D177 -> TARIK | L173: =+Puantaj!E177 -> KAYA | M173: =+BORDRO!F177 -> 15 | O173: =+BORDRO!G177 -> 16245 | P173: 0 | V173: =31-M173-Q173 -> 16 | W173: 6 | X173: 9901.04 | Y173: 2 | Z173: A | AA173: 11 | AB173: 2025 | AC173: Hayır | AD173: =+BORDRO!J177 -> 16245 | AF173: =+BORDRO!K177 -> 2436.75 | AG173: =+BORDRO!L177 -> 2436.75 | AH173: =+BORDRO!M177 -> 0 | AI173: =+BORDRO!O177 -> 123.29955 | AJ173: =+BORDRO!P177 -> 0
A174: A | B174: 46 | C174: 00000 | D174: 01 | E174: 01 | F174: 1494768 | G174: 016 | H174: 000 | J174: =+Puantaj!C178 -> 33574013466 | K174: =+Puantaj!D178 -> TUANA | L174: =+Puantaj!E178 -> AY | M174: =+BORDRO!F178 -> 12 | O174: =+BORDRO!G178 -> 12996 | P174: 0 | V174: =31-M174-Q174 -> 19 | W174: 6 | X174: 9901.04 | Y174: 2 | Z174: A | AA174: 11 | AB174: 2025 | AC174: Hayır | AD174: =+BORDRO!J178 -> 12996 | AF174: =+BORDRO!K178 -> 1949.4 | AG174: =+BORDRO!L178 -> 1949.4 | AH174: =+BORDRO!M178 -> 0 | AI174: =+BORDRO!O178 -> 98.63964 | AJ174: =+BORDRO!P178 -> 0
A175: A | B175: 46 | C175: 00000 | D175: 01 | E175: 01 | F175: 1494768 | G175: 016 | H175: 000 | J175: =+Puantaj!C179 -> 17923740340 | K175: =+Puantaj!D179 -> TUBANUR | L175: =+Puantaj!E179 -> GÖLCÜ | M175: =+BORDRO!F179 -> 13 | O175: =+BORDRO!G179 -> 14079 | P175: 0 | V175: =31-M175-Q175 -> 18 | W175: 6 | X175: 9901.04 | Y175: 2 | Z175: A | AA175: 11 | AB175: 2025 | AC175: Hayır | AD175: =+BORDRO!J179 -> 14079 | AF175: =+BORDRO!K179 -> 2111.85 | AG175: =+BORDRO!L179 -> 2111.85 | AH175: =+BORDRO!M179 -> 0 | AI175: =+BORDRO!O179 -> 106.85961 | AJ175: =+BORDRO!P179 -> 0
A176: A | B176: 46 | C176: 00000 | D176: 01 | E176: 01 | F176: 1494768 | G176: 016 | H176: 000 | J176: =+Puantaj!C180 -> 38440624326 | K176: =+Puantaj!D180 -> UĞUR KEMAL | L176: =+Puantaj!E180 -> DURNA | M176: =+BORDRO!F180 -> 14 | O176: =+BORDRO!G180 -> 15162 | P176: 0 | V176: =31-M176-Q176 -> 17 | W176: 6 | X176: 9901.04 | Y176: 2 | Z176: A | AA176: 11 | AB176: 2025 | AC176: Hayır | AD176: =+BORDRO!J180 -> 15162 | AF176: =+BORDRO!K180 -> 2274.3 | AG176: =+BORDRO!L180 -> 2274.3 | AH176: =+BORDRO!M180 -> 0 | AI176: =+BORDRO!O180 -> 115.07958 | AJ176: =+BORDRO!P180 -> 0
A177: A | B177: 46 | C177: 00000 | D177: 01 | E177: 01 | F177: 1494768 | G177: 016 | H177: 000 | J177: =+Puantaj!C181 -> 12855005062 | K177: =+Puantaj!D181 -> YAĞMUR | L177: =+Puantaj!E181 -> BAŞER | M177: =+BORDRO!F181 -> 13 | O177: =+BORDRO!G181 -> 14079 | P177: 0 | V177: =31-M177-Q177 -> 18 | W177: 6 | X177: 9901.04 | Y177: 2 | Z177: A | AA177: 11 | AB177: 2025 | AC177: Hayır | AD177: =+BORDRO!J181 -> 14079 | AF177: =+BORDRO!K181 -> 2111.85 | AG177: =+BORDRO!L181 -> 2111.85 | AH177: =+BORDRO!M181 -> 0 | AI177: =+BORDRO!O181 -> 106.85961 | AJ177: =+BORDRO!P181 -> 0
... A189: A | B189: 46 | C189: 00000 | D189: 01 | E189: 01 | F189: 1494768 | G189: 016 | H189: 000 | J189: =+Puantaj!C193 -> 10276740210 | K189: =+Puantaj!D193 -> ZEYNEP | L189: =+Puantaj!E193 -> DEMİRAYAK | M189: =+BORDRO!F193 -> 12 | O189: =+BORDRO!G193 -> 12996 | P189: 0 | V189: =31-M189-Q189 -> 19 | W189: 6 | X189: 9901.04 | Y189: 2 | Z189: A | AA189: 11 | AB189: 2025 | AC189: Hayır | AD189: =+BORDRO!J193 -> 12996 | AF189: =+BORDRO!K193 -> 1949.4 | AG189: =+BORDRO!L193 -> 1949.4 | AH189: =+BORDRO!M193 -> 0 | AI189: =+BORDRO!O193 -> 98.63964 | AJ189: =+BORDRO!P193 -> 0
A190: A | B190: 46 | C190: 00000 | D190: 01 | E190: 01 | F190: 1494768 | G190: 016 | H190: 000 | J190: =+Puantaj!C194 -> 48730397168 | K190: =+Puantaj!D194 -> MAHMUT | L190: =+Puantaj!E194 -> ÖZGAN | M190: =+BORDRO!F194 -> 3 | O190: =+BORDRO!G194 -> 3249 | P190: 0 | Q190: 26 | R190: 12 | V190: =32-M190-Q190 -> 3 | W190: 6 | X190: 9901.04 | Y190: 2 | Z190: A | AA190: 11 | AB190: 2025 | AC190: Hayır | AD190: =+BORDRO!J194 -> 3249 | AF190: =+BORDRO!K194 -> 487.35 | AG190: =+BORDRO!L194 -> 487.35 | AH190: =+BORDRO!M194 -> 0 | AI190: =+BORDRO!O194 -> 24.65991 | AJ190: =+BORDRO!P194 -> 0
A191: A | B191: 46 | C191: 00000 | D191: 01 | E191: 01 | F191: 1494768 | G191: 016 | H191: 000 | J191: =+Puantaj!#REF! -> #REF! | K191: =+Puantaj!#REF! -> #REF! | L191: =+Puantaj!#REF! -> #REF! | M191: =+BORDRO!#REF! -> #REF! | O191: =+BORDRO!#REF! -> #REF! | P191: 0 | V191: =31-M191-Q191 -> #REF! | W191: 6 | X191: 9901.04 | Y191: 2 | Z191: A | AA191: 11 | AB191: 2025 | AC191: Hayır | AD191: =+BORDRO!#REF! -> #REF! | AF191: =+BORDRO!#REF! -> #REF! | AG191: =+BORDRO!#REF! -> #REF! | AH191: =+BORDRO!#REF! -> #REF! | AI191: =+BORDRO!#REF! -> #REF! | AJ191: =+BORDRO!#REF! -> #REF!
A192: A | B192: 46 | C192: 00000 | D192: 01 | E192: 01 | F192: 1494768 | G192: 016 | H192: 000 | J192: =+Puantaj!#REF! -> #REF! | K192: =+Puantaj!#REF! -> #REF! | L192: =+Puantaj!#REF! -> #REF! | M192: =+BORDRO!#REF! -> #REF! | O192: =+BORDRO!#REF! -> #REF! | P192: 0 | V192: =31-M192-Q192 -> #REF! | W192: 6 | X192: 9901.04 | Y192: 2 | Z192: A | AA192: 11 | AB192: 2025 | AC192: Hayır | AD192: =+BORDRO!#REF! -> #REF! | AF192: =+BORDRO!#REF! -> #REF! | AG192: =+BORDRO!#REF! -> #REF! | AH192: =+BORDRO!#REF! -> #REF! | AI192: =+BORDRO!#REF! -> #REF! | AJ192: =+BORDRO!#REF! -> #REF!
A193: A | B193: 46 | C193: 00000 | D193: 01 | E193: 01 | F193: 1494768 | G193: 016 | H193: 000 | J193: =+Puantaj!#REF! -> #REF! | K193: =+Puantaj!#REF! -> #REF! | L193: =+Puantaj!#REF! -> #REF! | M193: =+BORDRO!#REF! -> #REF! | O193: =+BORDRO!#REF! -> #REF! | P193: 0 | V193: =31-M193-Q193 -> #REF! | W193: 6 | X193: 9901.04 | Y193: 2 | Z193: A | AA193: 11 | AB193: 2025 | AC193: Hayır | AD193: =+BORDRO!#REF! -> #REF! | AF193: =+BORDRO!#REF! -> #REF! | AG193: =+BORDRO!#REF! -> #REF! | AH193: =+BORDRO!#REF! -> #REF! | AI193: =+BORDRO!#REF! -> #REF! | AJ193: =+BORDRO!#REF! -> #REF!
A194: A | B194: 46 | C194: 00000 | D194: 01 | E194: 01 | F194: 1494768 | G194: 016 | H194: 000 | J194: =+Puantaj!#REF! -> #REF! | K194: =+Puantaj!#REF! -> #REF! | L194: =+Puantaj!#REF! -> #REF! | M194: =+BORDRO!#REF! -> #REF! | O194: =+BORDRO!#REF! -> #REF! | P194: 0 | V194: =31-M194-Q194 -> #REF! | W194: 6 | X194: 9901.04 | Y194: 2 | Z194: A | AA194: 11 | AB194: 2025 | AC194: Hayır | AD194: =+BORDRO!#REF! -> #REF! | AF194: =+BORDRO!#REF! -> #REF! | AG194: =+BORDRO!#REF! -> #REF! | AH194: =+BORDRO!#REF! -> #REF! | AI194: =+BORDRO!#REF! -> #REF! | AJ194: =+BORDRO!#REF! -> #REF!
A195: A | B195: 46 | C195: 00000 | D195: 01 | E195: 01 | F195: 1494768 | G195: 016 | H195: 000 | J195: =+Puantaj!#REF! -> #REF! | K195: =+Puantaj!#REF! -> #REF! | L195: =+Puantaj!#REF! -> #REF! | M195: =+BORDRO!#REF! -> #REF! | O195: =+BORDRO!#REF! -> #REF! | P195: 0 | V195: =31-M195-Q195 -> #REF! | W195: 6 | X195: 9901.04 | Y195: 2 | Z195: A | AA195: 11 | AB195: 2025 | AC195: Hayır | AD195: =+BORDRO!#REF! -> #REF! | AF195: =+BORDRO!#REF! -> #REF! | AG195: =+BORDRO!#REF! -> #REF! | AH195: =+BORDRO!#REF! -> #REF! | AI195: =+BORDRO!#REF! -> #REF! | AJ195: =+BORDRO!#REF! -> #REF!
A196: A | B196: 46 | C196: 00000 | D196: 01 | E196: 01 | F196: 1494768 | G196: 016 | H196: 000 | J196: =+Puantaj!#REF! -> #REF! | K196: =+Puantaj!#REF! -> #REF! | L196: =+Puantaj!#REF! -> #REF! | M196: =+BORDRO!#REF! -> #REF! | O196: =+BORDRO!#REF! -> #REF! | P196: 0 | V196: =31-M196-Q196 -> #REF! | W196: 6 | X196: 9901.04 | Y196: 2 | Z196: A | AA196: 11 | AB196: 2025 | AC196: Hayır | AD196: =+BORDRO!#REF! -> #REF! | AF196: =+BORDRO!#REF! -> #REF! | AG196: =+BORDRO!#REF! -> #REF! | AH196: =+BORDRO!#REF! -> #REF! | AI196: =+BORDRO!#REF! -> #REF! | AJ196: =+BORDRO!#REF! -> #REF!
A197: A | B197: 46 | C197: 00000 | D197: 01 | E197: 01 | F197: 1494768 | G197: 016 | H197: 000 | J197: =+Puantaj!#REF! -> #REF! | K197: =+Puantaj!#REF! -> #REF! | L197: =+Puantaj!#REF! -> #REF! | M197: =+BORDRO!#REF! -> #REF! | O197: =+BORDRO!#REF! -> #REF! | P197: 0 | V197: =31-M197-Q197 -> #REF! | W197: 6 | X197: 9901.04 | Y197: 2 | Z197: A | AA197: 11 | AB197: 2025 | AC197: Hayır | AD197: =+BORDRO!#REF! -> #REF! | AF197: =+BORDRO!#REF! -> #REF! | AG197: =+BORDRO!#REF! -> #REF! | AH197: =+BORDRO!#REF! -> #REF! | AI197: =+BORDRO!#REF! -> #REF! | AJ197: =+BORDRO!#REF! -> #REF!
A198: A | B198: 46 | C198: 00000 | D198: 01 | E198: 01 | F198: 1494768 | G198: 016 | H198: 000 | J198: =+Puantaj!#REF! -> #REF! | K198: =+Puantaj!#REF! -> #REF! | L198: =+Puantaj!#REF! -> #REF! | M198: =+BORDRO!#REF! -> #REF! | O198: =+BORDRO!#REF! -> #REF! | P198: 0 | V198: =31-M198-Q198 -> #REF! | W198: 6 | X198: 9901.04 | Y198: 2 | Z198: A | AA198: 11 | AB198: 2025 | AC198: Hayır | AD198: =+BORDRO!#REF! -> #REF! | AF198: =+BORDRO!#REF! -> #REF! | AG198: =+BORDRO!#REF! -> #REF! | AH198: =+BORDRO!#REF! -> #REF! | AI198: =+BORDRO!#REF! -> #REF! | AJ198: =+BORDRO!#REF! -> #REF!
A199: A | B199: 46 | C199: 00000 | D199: 01 | E199: 01 | F199: 1494768 | G199: 016 | H199: 000 | J199: =+Puantaj!#REF! -> #REF! | K199: =+Puantaj!#REF! -> #REF! | L199: =+Puantaj!#REF! -> #REF! | M199: =+BORDRO!#REF! -> #REF! | O199: =+BORDRO!#REF! -> #REF! | P199: 0 | V199: =31-M199-Q199 -> #REF! | W199: 6 | X199: 9901.04 | Y199: 2 | Z199: A | AA199: 11 | AB199: 2025 | AC199: Hayır | AD199: =+BORDRO!#REF! -> #REF! | AF199: =+BORDRO!#REF! -> #REF! | AG199: =+BORDRO!#REF! -> #REF! | AH199: =+BORDRO!#REF! -> #REF! | AI199: =+BORDRO!#REF! -> #REF! | AJ199: =+BORDRO!#REF! -> #REF!
A200: A | B200: 46 | C200: 00000 | D200: 01 | E200: 01 | F200: 1494768 | G200: 016 | H200: 000 | J200: =+Puantaj!#REF! -> #REF! | K200: =+Puantaj!#REF! -> #REF! | L200: =+Puantaj!#REF! -> #REF! | M200: =+BORDRO!#REF! -> #REF! | O200: =+BORDRO!#REF! -> #REF! | P200: 0 | V200: =31-M200-Q200 -> #REF! | W200: 6 | X200: 9901.04 | Y200: 2 | Z200: A | AA200: 11 | AB200: 2025 | AC200: Hayır | AD200: =+BORDRO!#REF! -> #REF! | AF200: =+BORDRO!#REF! -> #REF! | AG200: =+BORDRO!#REF! -> #REF! | AH200: =+BORDRO!#REF! -> #REF! | AI200: =+BORDRO!#REF! -> #REF! | AJ200: =+BORDRO!#REF! -> #REF!
A201: A | B201: 46 | C201: 00000 | D201: 01 | E201: 01 | F201: 1494768 | G201: 016 | H201: 000 | J201: =+Puantaj!#REF! -> #REF! | K201: =+Puantaj!#REF! -> #REF! | L201: =+Puantaj!#REF! -> #REF! | M201: =+BORDRO!#REF! -> #REF! | O201: =+BORDRO!#REF! -> #REF! | P201: 0 | V201: =31-M201-Q201 -> #REF! | W201: 6 | X201: 9901.04 | Y201: 2 | Z201: A | AA201: 11 | AB201: 2025 | AC201: Hayır | AD201: =+BORDRO!#REF! -> #REF! | AF201: =+BORDRO!#REF! -> #REF! | AG201: =+BORDRO!#REF! -> #REF! | AH201: =+BORDRO!#REF! -> #REF! | AI201: =+BORDRO!#REF! -> #REF! | AJ201: =+BORDRO!#REF! -> #REF!
A202: A | B202: 46 | C202: 00000 | D202: 01 | E202: 01 | F202: 1494768 | G202: 016 | H202: 000 | J202: =+Puantaj!#REF! -> #REF! | K202: =+Puantaj!#REF! -> #REF! | L202: =+Puantaj!#REF! -> #REF! | M202: =+BORDRO!#REF! -> #REF! | O202: =+BORDRO!#REF! -> #REF! | P202: 0 | V202: =31-M202-Q202 -> #REF! | W202: 6 | X202: 9901.04 | Y202: 2 | Z202: A | AA202: 11 | AB202: 2025 | AC202: Hayır | AD202: =+BORDRO!#REF! -> #REF! | AF202: =+BORDRO!#REF! -> #REF! | AG202: =+BORDRO!#REF! -> #REF! | AH202: =+BORDRO!#REF! -> #REF! | AI202: =+BORDRO!#REF! -> #REF! | AJ202: =+BORDRO!#REF! -> #REF!
... A399: A | B399: 46 | C399: 00000 | D399: 01 | E399: 01 | F399: 1494768 | G399: 016 | H399: 000 | J399: =+Puantaj!#REF! -> #REF! | K399: =+Puantaj!#REF! -> #REF! | L399: =+Puantaj!#REF! -> #REF! | M399: =+BORDRO!#REF! -> #REF! | O399: =+BORDRO!#REF! -> #REF! | P399: 0 | V399: =31-M399-Q399 -> #REF! | W399: 6 | X399: 9901.04 | Y399: 2 | Z399: A | AA399: 11 | AB399: 2025 | AC399: Hayır | AD399: =+BORDRO!#REF! -> #REF! | AF399: =+BORDRO!#REF! -> #REF! | AG399: =+BORDRO!#REF! -> #REF! | AH399: =+BORDRO!#REF! -> #REF! | AI399: =+BORDRO!#REF! -> #REF! | AJ399: =+BORDRO!#REF! -> #REF!
A400: A | B400: 46 | C400: 00000 | D400: 01 | E400: 01 | F400: 1494768 | G400: 016 | H400: 000 | J400: =+Puantaj!#REF! -> #REF! | K400: =+Puantaj!#REF! -> #REF! | L400: =+Puantaj!#REF! -> #REF! | M400: =+BORDRO!#REF! -> #REF! | O400: =+BORDRO!#REF! -> #REF! | P400: 0 | V400: =31-M400-Q400 -> #REF! | W400: 6 | X400: 9901.04 | Y400: 2 | Z400: A | AA400: 11 | AB400: 2025 | AC400: Hayır | AD400: =+BORDRO!#REF! -> #REF! | AF400: =+BORDRO!#REF! -> #REF! | AG400: =+BORDRO!#REF! -> #REF! | AH400: =+BORDRO!#REF! -> #REF! | AI400: =+BORDRO!#REF! -> #REF! | AJ400: =+BORDRO!P78 -> 0
A401: A | B401: 46 | C401: 00000 | D401: 01 | E401: 01 | F401: 1494768 | G401: 016 | H401: 000 | J401: =+Puantaj!#REF! -> #REF! | K401: =+Puantaj!#REF! -> #REF! | L401: =+Puantaj!#REF! -> #REF! | M401: =+BORDRO!#REF! -> #REF! | O401: =+BORDRO!#REF! -> #REF! | P401: 0 | V401: =31-M401-Q401 -> #REF! | W401: 6 | X401: 9901.04 | Y401: 2 | Z401: A | AA401: 11 | AB401: 2025 | AC401: Hayır | AD401: =+BORDRO!#REF! -> #REF! | AF401: =+BORDRO!#REF! -> #REF! | AG401: =+BORDRO!#REF! -> #REF! | AH401: =+BORDRO!#REF! -> #REF! | AI401: =+BORDRO!#REF! -> #REF! | AJ401: =+BORDRO!P79 -> 0
A402: A | B402: 46 | C402: 00000 | D402: 01 | E402: 01 | F402: 1494768 | G402: 016 | H402: 000 | J402: =+Puantaj!#REF! -> #REF! | K402: =+Puantaj!#REF! -> #REF! | L402: =+Puantaj!#REF! -> #REF! | M402: =+BORDRO!#REF! -> #REF! | O402: =+BORDRO!#REF! -> #REF! | P402: 0 | V402: =31-M402-Q402 -> #REF! | W402: 6 | X402: 9901.04 | Y402: 2 | Z402: A | AA402: 11 | AB402: 2025 | AC402: Hayır | AD402: =+BORDRO!#REF! -> #REF! | AF402: =+BORDRO!#REF! -> #REF! | AG402: =+BORDRO!#REF! -> #REF! | AH402: =+BORDRO!#REF! -> #REF! | AI402: =+BORDRO!#REF! -> #REF! | AJ402: =+BORDRO!P80 -> 0
A403: A | B403: 46 | C403: 00000 | D403: 01 | E403: 01 | F403: 1494768 | G403: 016 | H403: 000 | J403: =+Puantaj!#REF! -> #REF! | K403: =+Puantaj!#REF! -> #REF! | L403: =+Puantaj!#REF! -> #REF! | M403: =+BORDRO!#REF! -> #REF! | O403: =+BORDRO!#REF! -> #REF! | P403: 0 | V403: =31-M403-Q403 -> #REF! | W403: 6 | X403: 9901.04 | Y403: 2 | Z403: A | AA403: 11 | AB403: 2025 | AC403: Hayır | AD403: =+BORDRO!#REF! -> #REF! | AF403: =+BORDRO!#REF! -> #REF! | AG403: =+BORDRO!#REF! -> #REF! | AH403: =+BORDRO!#REF! -> #REF! | AI403: =+BORDRO!#REF! -> #REF! | AJ403: =+BORDRO!P81 -> 0
A404: A | B404: 46 | C404: 00000 | D404: 01 | E404: 01 | F404: 1494768 | G404: 016 | H404: 000 | J404: =+Puantaj!#REF! -> #REF! | K404: =+Puantaj!#REF! -> #REF! | L404: =+Puantaj!#REF! -> #REF! | M404: =+BORDRO!#REF! -> #REF! | O404: =+BORDRO!#REF! -> #REF! | P404: 0 | V404: =31-M404-Q404 -> #REF! | W404: 6 | X404: 9901.04 | Y404: 2 | Z404: A | AA404: 11 | AB404: 2025 | AC404: Hayır | AD404: =+BORDRO!#REF! -> #REF! | AF404: =+BORDRO!#REF! -> #REF! | AG404: =+BORDRO!#REF! -> #REF! | AH404: =+BORDRO!#REF! -> #REF! | AI404: =+BORDRO!#REF! -> #REF! | AJ404: =+BORDRO!P82 -> 0
A405: A | B405: 46 | C405: 00000 | D405: 01 | E405: 01 | F405: 1494768 | G405: 016 | H405: 000 | J405: =+Puantaj!#REF! -> #REF! | K405: =+Puantaj!#REF! -> #REF! | L405: =+Puantaj!#REF! -> #REF! | M405: =+BORDRO!#REF! -> #REF! | O405: =+BORDRO!#REF! -> #REF! | P405: 0 | V405: =31-M405-Q405 -> #REF! | W405: 6 | X405: 9901.04 | Y405: 2 | Z405: A | AA405: 11 | AB405: 2025 | AC405: Hayır | AD405: =+BORDRO!#REF! -> #REF! | AF405: =+BORDRO!#REF! -> #REF! | AG405: =+BORDRO!#REF! -> #REF! | AH405: =+BORDRO!#REF! -> #REF! | AI405: =+BORDRO!#REF! -> #REF! | AJ405: =+BORDRO!P83 -> 0
A406: A | B406: 46 | C406: 00000 | D406: 01 | E406: 01 | F406: 1494768 | G406: 016 | H406: 000 | J406: =+Puantaj!#REF! -> #REF! | K406: =+Puantaj!#REF! -> #REF! | L406: =+Puantaj!#REF! -> #REF! | M406: =+BORDRO!#REF! -> #REF! | O406: =+BORDRO!#REF! -> #REF! | P406: 0 | V406: =31-M406-Q406 -> #REF! | W406: 6 | X406: 9901.04 | Y406: 2 | Z406: A | AA406: 11 | AB406: 2025 | AC406: Hayır | AD406: =+BORDRO!#REF! -> #REF! | AF406: =+BORDRO!#REF! -> #REF! | AG406: =+BORDRO!#REF! -> #REF! | AH406: =+BORDRO!#REF! -> #REF! | AI406: =+BORDRO!#REF! -> #REF! | AJ406: =+BORDRO!P84 -> 0
A407: A | B407: 46 | C407: 00000 | D407: 01 | E407: 01 | F407: 1494768 | G407: 016 | H407: 000 | J407: =+Puantaj!#REF! -> #REF! | K407: =+Puantaj!#REF! -> #REF! | L407: =+Puantaj!#REF! -> #REF! | M407: =+BORDRO!#REF! -> #REF! | O407: =+BORDRO!#REF! -> #REF! | P407: 0 | V407: =31-M407-Q407 -> #REF! | W407: 6 | X407: 9901.04 | Y407: 2 | Z407: A | AA407: 11 | AB407: 2025 | AC407: Hayır | AD407: =+BORDRO!#REF! -> #REF! | AF407: =+BORDRO!#REF! -> #REF! | AG407: =+BORDRO!#REF! -> #REF! | AH407: =+BORDRO!#REF! -> #REF! | AI407: =+BORDRO!#REF! -> #REF! | AJ407: =+BORDRO!P85 -> 0
A408: A | B408: 46 | C408: 00000 | D408: 01 | E408: 01 | F408: 1494768 | G408: 016 | H408: 000 | J408: =+Puantaj!#REF! -> #REF! | K408: =+Puantaj!#REF! -> #REF! | L408: =+Puantaj!#REF! -> #REF! | M408: =+BORDRO!#REF! -> #REF! | O408: =+BORDRO!#REF! -> #REF! | P408: 0 | V408: =31-M408-Q408 -> #REF! | W408: 6 | X408: 9901.04 | Y408: 2 | Z408: A | AA408: 11 | AB408: 2025 | AC408: Hayır | AD408: =+BORDRO!#REF! -> #REF! | AF408: =+BORDRO!#REF! -> #REF! | AG408: =+BORDRO!#REF! -> #REF! | AH408: =+BORDRO!#REF! -> #REF! | AI408: =+BORDRO!#REF! -> #REF! | AJ408: =+BORDRO!P86 -> 0
A409: A | B409: 46 | C409: 00000 | D409: 01 | E409: 01 | F409: 1494768 | G409: 016 | H409: 000 | J409: =+Puantaj!#REF! -> #REF! | K409: =+Puantaj!#REF! -> #REF! | L409: =+Puantaj!#REF! -> #REF! | M409: =+BORDRO!#REF! -> #REF! | O409: =+BORDRO!#REF! -> #REF! | P409: 0 | V409: =31-M409-Q409 -> #REF! | W409: 6 | X409: 9901.04 | Y409: 2 | Z409: A | AA409: 11 | AB409: 2025 | AC409: Hayır | AD409: =+BORDRO!#REF! -> #REF! | AF409: =+BORDRO!#REF! -> #REF! | AG409: =+BORDRO!#REF! -> #REF! | AH409: =+BORDRO!#REF! -> #REF! | AI409: =+BORDRO!#REF! -> #REF! | AJ409: =+BORDRO!P87 -> 0
A410: A | B410: 46 | C410: 00000 | D410: 01 | E410: 01 | F410: 1494768 | G410: 016 | H410: 000 | J410: =+Puantaj!#REF! -> #REF! | K410: =+Puantaj!#REF! -> #REF! | L410: =+Puantaj!#REF! -> #REF! | M410: =+BORDRO!#REF! -> #REF! | O410: =+BORDRO!#REF! -> #REF! | P410: 0 | V410: =31-M410-Q410 -> #REF! | W410: 6 | X410: 9901.04 | Y410: 2 | Z410: A | AA410: 11 | AB410: 2025 | AC410: Hayır | AD410: =+BORDRO!#REF! -> #REF! | AF410: =+BORDRO!#REF! -> #REF! | AG410: =+BORDRO!#REF! -> #REF! | AH410: =+BORDRO!#REF! -> #REF! | AI410: =+BORDRO!#REF! -> #REF! | AJ410: =+BORDRO!P88 -> 0
A411: A | B411: 46 | C411: 00000 | D411: 01 | E411: 01 | F411: 1494768 | G411: 016 | H411: 000 | J411: =+Puantaj!#REF! -> #REF! | K411: =+Puantaj!#REF! -> #REF! | L411: =+Puantaj!#REF! -> #REF! | M411: =+BORDRO!#REF! -> #REF! | O411: =+BORDRO!#REF! -> #REF! | P411: 0 | V411: =31-M411-Q411 -> #REF! | W411: 6 | X411: 9901.04 | Y411: 2 | Z411: A | AA411: 11 | AB411: 2025 | AC411: Hayır | AD411: =+BORDRO!#REF! -> #REF! | AF411: =+BORDRO!#REF! -> #REF! | AG411: =+BORDRO!#REF! -> #REF! | AH411: =+BORDRO!#REF! -> #REF! | AI411: =+BORDRO!#REF! -> #REF! | AJ411: =+BORDRO!P89 -> 0
... A420: A | B420: 46 | C420: 00000 | D420: 01 | E420: 01 | F420: 1494768 | G420: 016 | H420: 000 | J420: =+Puantaj!#REF! -> #REF! | K420: =+Puantaj!#REF! -> #REF! | L420: =+Puantaj!#REF! -> #REF! | M420: =+BORDRO!#REF! -> #REF! | O420: =+BORDRO!#REF! -> #REF! | P420: 0 | V420: =31-M420-Q420 -> #REF! | W420: 6 | X420: 9901.04 | Y420: 2 | Z420: A | AA420: 11 | AB420: 2025 | AC420: Hayır | AD420: =+BORDRO!#REF! -> #REF! | AF420: =+BORDRO!#REF! -> #REF! | AG420: =+BORDRO!#REF! -> #REF! | AH420: =+BORDRO!#REF! -> #REF! | AI420: =+BORDRO!#REF! -> #REF! | AJ420: =+BORDRO!P98 -> 0
M421: =SUM(M2:M420) -> #REF! | O421: =+BORDRO!G195 -> 2425920 | P421: 0 | V421: =SUM(V1:V420)-M421 -> #REF! | AD421: =SUM(AD2:AD420) -> #REF! | AF421: =SUM(AF2:AF420) -> #REF! | AG421: =SUM(AG2:AG420) -> #REF! | AH421: =SUM(AH2:AH420) -> #REF! | AI421: =SUM(AI2:AI420) -> #REF! | AJ421: =+BORDRO!#REF! -> #REF!

Sheet HALKBANK
A1: Ödeme/Kesinti Tarihi (YYYYAAGG)
A2: Firma Müşteri No
A3: Firma Şube Kodu* | C3: 1329
A4: Firma Hesap No / IBAN | C4: TR040001200132900004000258
A5: Dosya Açıklaması | C5: Genel Sekreterlik Özel kalem
A6: Ödeme/Kesinti (Lütfen Seçiniz) | C6: Ödeme
A7: Ödeme Türü (Lütfen Seçiniz) | E7: Ödeme/Kesinti Yapılacak
A8: Ödeme Açıklama (Ödeme Türü Diğer ise) | C8: İŞKUR Gençlik Programı Katılımcı | E8: Toplam Tutar | F8: =SUM(C13:C201) -> 2425920
A9: Ödeme Dönemi | C9: 2025 Kasım Ayı 13376 Kampüs 1 | E9: Toplam Personel | F9: 186
A10: *: Hesap No kullanılacak ise zorunludur. IBAN kullanımında yazılmamalıdır.
A12: Personel Şube* | B12: Personel Hesap No / IBAN | C12: Tutar | D12: TCKN | E12: Personel Adı | F12: Soyadı
A13: 1329 | B13: ='Banka Lis.'!C5 -> TR290001002151713143585001 | C13: ='Banka Lis.'!D5 -> 14079 | D13: ='Banka Lis.'!G5 -> 22985652920 | E13: ='Banka Lis.'!E5 -> ABDURRAHMAN CENGİZ | F13: ='Banka Lis.'!F5 -> AYDOĞDU
A14: 1329 | B14: ='Banka Lis.'!C6 -> TR270020500009943979400001 | C14: ='Banka Lis.'!D6 -> 6498 | D14: ='Banka Lis.'!G6 -> 10264855810 | E14: ='Banka Lis.'!E6 -> AHMET EMİRHAN | F14: ='Banka Lis.'!F6 -> ELDEMİR
A15: 1329 | B15: ='Banka Lis.'!C7 -> TR370001009010555427505003 | C15: ='Banka Lis.'!D7 -> 15162 | D15: ='Banka Lis.'!G7 -> 11230293988 | E15: ='Banka Lis.'!E7 -> AHMET SAMED | F15: ='Banka Lis.'!F7 -> KARABULUT
A16: 1329 | B16: ='Banka Lis.'!C8 -> TR550006701000000037357882 | C16: ='Banka Lis.'!D8 -> 14079 | D16: ='Banka Lis.'!G8 -> 10271762804 | E16: ='Banka Lis.'!E8 -> AHMET | F16: ='Banka Lis.'!F8 -> ŞEN
A17: 1329 | B17: ='Banka Lis.'!C9 -> TR040001009010348991905001 | C17: ='Banka Lis.'!D9 -> 15162 | D17: ='Banka Lis.'!G9 -> 10067475932 | E17: ='Banka Lis.'!E9 -> AHMET YASİN | F17: ='Banka Lis.'!F9 -> KURT
A18: 1329 | B18: ='Banka Lis.'!C10 -> TR070001009010961041905002 | C18: ='Banka Lis.'!D10 -> 4332 | D18: ='Banka Lis.'!G10 -> 13333175444 | E18: ='Banka Lis.'!E10 -> AKİF YAVUZ | F18: ='Banka Lis.'!F10 -> ZENGİN
A19: 1329 | B19: ='Banka Lis.'!C11 -> TR250001009010259614605003 | C19: ='Banka Lis.'!D11 -> 0 | D19: ='Banka Lis.'!G11 -> 34411910856 | E19: ='Banka Lis.'!E11 -> ALEYNA | F19: ='Banka Lis.'!F11 -> ÇAKAR
A20: 1329 | B20: ='Banka Lis.'!C12 -> TR580001009010556440305002 | C20: ='Banka Lis.'!D12 -> 12996 | D20: ='Banka Lis.'!G12 -> 11069535280 | E20: ='Banka Lis.'!E12 -> ALİGAFFAR | F20: ='Banka Lis.'!F12 -> AYDIN
A21: 1329 | B21: ='Banka Lis.'!C13 -> TR960001200122900001249734 | C21: ='Banka Lis.'!D13 -> 15162 | D21: ='Banka Lis.'!G13 -> 10420954296 | E21: ='Banka Lis.'!E13 -> ARİF | F21: ='Banka Lis.'!F13 -> TURAN
A22: 1329 | B22: ='Banka Lis.'!C14 -> TR530004600007888000653780 | C22: ='Banka Lis.'!D14 -> 16245 | D22: ='Banka Lis.'!G14 -> 11039638348 | E22: ='Banka Lis.'!E14 -> ASLAN ERAY | F22: ='Banka Lis.'!F14 -> KARAVAŞ
A23: 1329 | B23: ='Banka Lis.'!C15 -> TR070001009010550885705001 | C23: ='Banka Lis.'!D15 -> 5415 | D23: ='Banka Lis.'!G15 -> 18397728780 | E23: ='Banka Lis.'!E15 -> ASLI | F23: ='Banka Lis.'!F15 -> BEKTAŞ
A24: 1329 | B24: ='Banka Lis.'!C16 -> TR080001001914961839085005 | C24: ='Banka Lis.'!D16 -> 12996 | D24: ='Banka Lis.'!G16 -> 31885265086 | E24: ='Banka Lis.'!E16 -> AYBERK | F24: ='Banka Lis.'!F16 -> EREN
... A201: 1329 | B201: ='Banka Lis.'!C193 -> TR340001004002828302515004 | C201: ='Banka Lis.'!D193 -> 3249 | D201: ='Banka Lis.'!G193 -> 48730397168 | E201: ='Banka Lis.'!E193 -> MAHMUT | F201: ='Banka Lis.'!F193 -> ÖZGAN
A203: ='Banka Lis.'!C196 -> Hazırlayan
A205: ='Banka Lis.'!C198 -> Tansu KARAKÖK | B205: ='Banka Lis.'!E198 -> Tekin ÇİMEN | E205: Mehmet AYDEMİR
A206: ='Banka Lis.'!C199 -> Şef | B206: ='Banka Lis.'!E199 -> Şube Müdürü | E206: Genel Sekreter
